Link,Name,Location,Start,End
USARLCMP,Adventist Robotics League Championship,USA,2023-05-07 00:00:00,2023-05-07 00:00:00
USMIAAOS,Girls R GRAYT All Girls Event,USA,2023-05-05 00:00:00,2023-05-06 00:00:00
USMIGIOS,Gibraltar FTC Spring Showdown,USA,2023-05-05 00:00:00,2023-05-06 00:00:00
USPAPHOS,PA FTC RoboJawn,USA,2023-05-06 00:00:00,2023-05-06 00:00:00
FRLEOS,FR Le Défi Robotique – Lyon 2023,France,2023-05-13 00:00:00,2023-05-13 00:00:00
USMITCOS2,MI TC West Remote Event,USA,2023-05-07 00:00:00,2023-05-13 00:00:00
USMIKIOS,Kingsford Spring Event,USA,2023-05-12 00:00:00,2023-05-13 00:00:00
USMIRCOS,Reed City Spring Event,USA,2023-05-12 00:00:00,2023-05-13 00:00:00
USMIJAOS,Jackson FTC Spring Event,USA,2023-05-12 00:00:00,2023-05-13 00:00:00
USORROOS,OR Spring Showcase,USA,2023-05-13 00:00:00,2023-05-13 00:00:00
USTXWPROS,TX- WP CEN Exhibition,USA,2023-05-13 00:00:00,2023-05-13 00:00:00
USAZFLOS,AZ Lunar Legacy Invitational,USA,2023-05-20 00:00:00,2023-05-21 00:00:00
USMIFROS,Freeland FTC Gear-Up!,USA,2023-05-19 00:00:00,2023-05-20 00:00:00
USORGLOS,OR Spring Showcase 2,USA,2023-05-20 00:00:00,2023-05-20 00:00:00
USORMLS,OR Spring Scrimmage and Showcase,USA,2023-05-20 00:00:00,2023-05-20 00:00:00
USIADMOS,IA CelebrAsian Off-Season Event,USA,2023-05-27 00:00:00,2023-05-27 00:00:00
USTXCESAOS,2023 Blackout Battle Royale,USA,2023-05-27 00:00:00,2023-05-27 00:00:00
USMITCOS1,MI TC East Remote Event,USA,2023-05-28 00:00:00,2023-06-03 00:00:00
USWASAOS,WA Spartan Showdown,USA,2023-06-03 00:00:00,2023-06-03 00:00:00
USMIBHOS1,MI FiM Remote Event,USA,2023-05-30 00:00:00,2023-06-05 00:00:00
USCTSTOS,CT Husky Robotics Invitational,USA,2023-06-17 00:00:00,2023-06-17 00:00:00
GBCAOS,GB New Teams Regional,United Kingdom,2023-06-23 00:00:00,2023-06-23 00:00:00
GBCMP,Championship- United Kingdom,United Kingdom,2023-06-23 00:00:00,2023-06-23 00:00:00
USALHUOS,AL betaSEIT,USA,2023-06-22 00:00:00,2023-06-24 00:00:00
USOKMUOS,OK-Northeast (NEO) Invitational,USA,2023-06-24 00:00:00,2023-06-24 00:00:00
USCHSLAOS,Maryland Tech Invitational,USA,2023-06-23 00:00:00,2023-06-26 00:00:00
USCANOSMOS,Lobster Cup International,USA,2023-07-09 00:00:00,2023-07-09 00:00:00
AUMPOS1,AU APOC 2023,Australia,2023-07-14 00:00:00,2023-07-16 00:00:00
USILCHOS,IL Chicago Robotics Invitational,USA,2023-07-14 00:00:00,2023-07-16 00:00:00
USOHAKOS,OH KSS Robotics Turtle Friendly,USA,2023-07-29 00:00:00,2023-07-29 00:00:00
USNDBIS,ND Scrimmage,USA,2022-09-10 00:00:00,2022-09-11 00:00:00
USAZTUS,"AZ Tucson ""Meet the Field"" Day",USA,2022-09-24 00:00:00,2022-09-24 00:00:00
USOKOCS,OK Tinkerfest,USA,2022-09-24 00:00:00,2022-09-24 00:00:00
USMNSPS,MN Cass Lake League Meet 0,USA,2022-09-29 00:00:00,2022-09-29 00:00:00
USMSBCS1,MS Bogue Chitto Build-it Day/Scrimmage,USA,2022-10-01 00:00:00,2022-10-01 00:00:00
USAKAKSCM1,AK Southcentral Alaska League Meet #1,USA,2022-10-07 00:00:00,2022-10-07 00:00:00
USIDPFS1,ID North Idaho Scrimmage #1,USA,2022-10-08 00:00:00,2022-10-08 00:00:00
USAKJUS2,AK Southeast Scrimmage #1,USA,2022-10-15 00:00:00,2022-10-15 00:00:00
USFLFLS,FL South Florida League Scrimmage and Volunteer Training,USA,2022-10-15 00:00:00,2022-10-15 00:00:00
USGAGAS,GA N Georgia League Scrimmage,USA,2022-10-15 00:00:00,2022-10-15 00:00:00
USMNAVS,MN FTC Mille Lacs / Pepin League Meet 0,USA,2022-10-16 00:00:00,2022-10-16 00:00:00
USMNBES,MN FTC Vermillion League Meet 0,USA,2022-10-14 00:00:00,2022-10-14 00:00:00
USMSLAS,MS LCS Build-it Day/Scrimmage,USA,2022-10-15 00:00:00,2022-10-15 00:00:00
USNYNYNYS,NY-NYC Scrimmage,USA,2022-10-15 00:00:00,2022-10-15 00:00:00
USORRBS,OR North Coast League Meet 0,USA,2022-10-15 00:00:00,2022-10-15 00:00:00
USTXWPAMS,TX-W&P Amarillo Scrimmage,USA,2022-10-15 00:00:00,2022-10-15 00:00:00
USTXWPMIS,TX-W&P Midland Scrimmage,USA,2022-10-15 00:00:00,2022-10-15 00:00:00
USFLSPS,FL Gulf Coast League Scrimmage,USA,2022-10-22 00:00:00,2022-10-22 00:00:00
USFLFLACM1,FL AeroCoast League Meet #1,USA,2022-10-22 00:00:00,2022-10-22 00:00:00
USGAETOWM1,GA Etowah Meet 1,USA,2022-10-22 00:00:00,2022-10-22 00:00:00
USGAATHM1,GA Caterpillar Meet 1,USA,2022-10-22 00:00:00,2022-10-22 00:00:00
USIAWIM4,IA Wind_Meet_2022-10-22,USA,2022-10-22 00:00:00,2022-10-22 00:00:00
USKYKYM4,KY Beaker Meet #1,USA,2022-10-22 00:00:00,2022-10-22 00:00:00
USMIOCM1,MI OCCRA Meet 1,USA,2022-10-22 00:00:00,2022-10-22 00:00:00
USMIDHS1,MI Detroit Metro Scrimmage,USA,2022-10-22 00:00:00,2022-10-22 00:00:00
USOHNAS,OH Central Ohio League Meet 0,USA,2022-10-22 00:00:00,2022-10-22 00:00:00
USORROS,OR SOAR League Meet 0,USA,2022-10-22 00:00:00,2022-10-22 00:00:00
USORSPS,OR Midwestern League Meet 0,USA,2022-10-22 00:00:00,2022-10-22 00:00:00
USTXCEGCM8,TX-Central Sylvia Earle Scrimmage 1,USA,2022-10-22 00:00:00,2022-10-22 00:00:00
USTXWPLUS,TX-W&P Lubbock-A Scrimmage,USA,2022-10-22 00:00:00,2022-10-22 00:00:00
USTXNONLM1,TX-North N-League Meet 1,USA,2022-10-22 00:00:00,2022-10-22 00:00:00
USTXNOCLM1,TX-North C-League Meet 1,USA,2022-10-22 00:00:00,2022-10-22 00:00:00
USTXSOHAM1,TX-South Hawking Meet 1,USA,2022-10-22 00:00:00,2022-10-22 00:00:00
USTXNOBLM1,TX-North B-League Meet 1,USA,2022-10-22 00:00:00,2022-10-22 00:00:00
USTXSOCUM1,TX-South Curie Meet 1,USA,2022-10-22 00:00:00,2022-10-22 00:00:00
USTXCEGCM7,TX-Central Daphne Koller Scrimmage 1,USA,2022-10-22 00:00:00,2022-10-22 00:00:00
USAKAKSCM2,AK Southcentral Alaska League Meet #2,USA,2022-10-25 00:00:00,2022-10-25 00:00:00
USCALAOJS,CA-SoCal League V - Meet 0,USA,2022-10-29 00:00:00,2022-10-29 00:00:00
USFLFLNEM1,FL North East League Meet #1,USA,2022-10-29 00:00:00,2022-10-29 00:00:00
USFLFLOCM1,FL ONECLAY League Meet #1,USA,2022-10-29 00:00:00,2022-10-29 00:00:00
USFLORS,FL Orlando Robotics League Scrimmage,USA,2022-10-29 00:00:00,2022-10-29 00:00:00
USGADOUGM1,GA Douglasville Meet 1,USA,2022-10-29 00:00:00,2022-10-29 00:00:00
USGAMACM1,GA Macon Meet 1,USA,2022-10-29 00:00:00,2022-10-29 00:00:00
USGAMARIM1,GA Marietta Meet 1,USA,2022-10-29 00:00:00,2022-10-29 00:00:00
USGAATLM1,GA Atlanta Meet 1,USA,2022-10-29 00:00:00,2022-10-29 00:00:00
USHI01M6,HI Iolani School,USA,2022-10-29 00:00:00,2022-10-29 00:00:00
USIAHYM11,Hydro_Meet_2022-10-29,USA,2022-10-29 00:00:00,2022-10-29 00:00:00
USIAMAM5,IA Magnetic_Meet_2022-10-29,USA,2022-10-29 00:00:00,2022-10-29 00:00:00
USIASOM8,IA Solar_Meet_2022-10-29,USA,2022-10-29 00:00:00,2022-10-29 00:00:00
USMIWCM1,MI Metro Detroit Meet 1,USA,2022-10-29 00:00:00,2022-10-29 00:00:00
USMISCM1,MI South Central Meet 1,USA,2022-10-27 00:00:00,2022-10-27 00:00:00
USMIOCM5,MI OCCRA Meet 2,USA,2022-10-28 00:00:00,2022-10-28 00:00:00
USMISCM2,MI South Central Meet 2,USA,2022-10-29 00:00:00,2022-10-29 00:00:00
USMNCM1,MN FTC Cass Lake League Meet 1,USA,2022-10-26 00:00:00,2022-10-26 00:00:00
USMNMM1,MN FTC Mille Lacs League Meet 1,USA,2022-10-29 00:00:00,2022-10-29 00:00:00
USMNPM1,MN FTC Pepin League Meet 1,USA,2022-10-29 00:00:00,2022-10-29 00:00:00
USMSWVS1,MS Water Valley Build-it Day/Scrimmage,USA,2022-10-29 00:00:00,2022-10-29 00:00:00
USNCRAS,NC Robot in 6 Weeks,USA,2022-10-29 00:00:00,2022-10-29 00:00:00
USNHMAS,NH Derryfield Scrimmage #1,USA,2022-10-29 00:00:00,2022-10-29 00:00:00
USNJNEM3,NJ 1029-P1  NE Edge League Meet (Saturday),USA,2022-10-29 00:00:00,2022-10-29 00:00:00
USNJNOM3,NJ 1030-P1  Northern League meet (Sunday),USA,2022-10-30 00:00:00,2022-10-30 00:00:00
USNVLVS,NV Southern Scrimmage,USA,2022-10-29 00:00:00,2022-10-29 00:00:00
USNVRES,NV Northern Scrimmage,USA,2022-10-29 00:00:00,2022-10-29 00:00:00
USOKOKLAM3,OK Mustang - October,USA,2022-10-29 00:00:00,2022-10-29 00:00:00
USORPES,OR Columbia Basin League Meet 0,USA,2022-10-26 00:00:00,2022-10-26 00:00:00
USORHIS,OR Silicon Forest League Meet 0,USA,2022-10-29 00:00:00,2022-10-29 00:00:00
USORPOS,OR Rose City League Meet 0,USA,2022-10-29 00:00:00,2022-10-29 00:00:00
USORNCM1,OR North Coast League Meet 1,USA,2022-10-29 00:00:00,2022-10-29 00:00:00
USTXWPWOS,TX-W&P Lubbock-B Scrimmage,USA,2022-10-29 00:00:00,2022-10-29 00:00:00
USTXCEAUS1,TX-Central X-STREAM Scrimmage 1,USA,2022-10-29 00:00:00,2022-10-29 00:00:00
USTXNOFMS,TX-North The Screamage,USA,2022-10-29 00:00:00,2022-10-29 00:00:00
USTXCEWAS,TX-Central Waco Scrimmage 1,USA,2022-10-27 00:00:00,2022-10-27 00:00:00
AUCAQ,AU Queensland qualifier,Australia,2022-11-05 00:00:00,2022-11-05 00:00:00
CAABABNAM1,AB Northern Alberta Round #1,Canada,2022-11-05 00:00:00,2022-11-05 00:00:00
USAZFLS,AZ Northern Scrimmage,USA,2022-11-05 00:00:00,2022-11-05 00:00:00
USAZCHS,AZ First Look - Chandler Scrimmage,USA,2022-11-05 00:00:00,2022-11-05 00:00:00
USAZGOS,AZ Goodyear Scrimmage,USA,2022-11-05 00:00:00,2022-11-05 00:00:00
USCALALCS2,CA-SoCal League C1 - Meet 0,USA,2022-11-05 00:00:00,2022-11-05 00:00:00
USCALASOS,CA-SoCal League D - Meet 0,USA,2022-11-05 00:00:00,2022-11-05 00:00:00
USCALAROS1,CA-SoCal League F2 - Meet 0,USA,2022-11-05 00:00:00,2022-11-05 00:00:00
USCALAROS2,CA-SoCal League F1 - Meet 0,USA,2022-11-05 00:00:00,2022-11-05 00:00:00
USFLFLOLM1,FL Orlando Robotics League Meet #1,USA,2022-11-05 00:00:00,2022-11-05 00:00:00
USFLFLROM2,FL ROBOT League McKeel Academy Robotics Spectacular,USA,2022-11-05 00:00:00,2022-11-05 00:00:00
USFLFLSPM3,FL Space Coast League Meet #1,USA,2022-11-05 00:00:00,2022-11-05 00:00:00
USFLFLACM2,FL AeroCoast League Meet #2,USA,2022-11-05 00:00:00,2022-11-05 00:00:00
USGAATLM2,GA Atlanta Meet 2,USA,2022-11-05 00:00:00,2022-11-05 00:00:00
USGAALBM1,GA Albany Meet 1,USA,2022-11-05 00:00:00,2022-11-05 00:00:00
USGANORTM2,GA N Georgia Meet 2,USA,2022-11-05 00:00:00,2022-11-05 00:00:00
USGANORTM1,GA N Georgia Meet 1,USA,2022-11-05 00:00:00,2022-11-05 00:00:00
USHI01M5,HI Island School,USA,2022-11-05 00:00:00,2022-11-05 00:00:00
USIAWIM6,IA Wind_Meet_2022-11-05,USA,2022-11-05 00:00:00,2022-11-05 00:00:00
USIAHYM10,IA Hydro_Meet_2022-11-05,USA,2022-11-05 00:00:00,2022-11-05 00:00:00
USIAMAM3,IA Magnetic_Meet_2022-11-05,USA,2022-11-05 00:00:00,2022-11-05 00:00:00
USIASOM7,IA Solar_Meet_2022-11-05,USA,2022-11-05 00:00:00,2022-11-05 00:00:00
USIDPFS2,ID North Idaho Scrimmage #2,USA,2022-11-05 00:00:00,2022-11-05 00:00:00
USILNEM1,IL Northeast Lake Meet 1,USA,2022-11-06 00:00:00,2022-11-06 00:00:00
USILNSM1,IL North Shore Meet 1,USA,2022-11-05 00:00:00,2022-11-05 00:00:00
USILCMM1A,IL Chicago Meet 1A,USA,2022-11-05 00:00:00,2022-11-05 00:00:00
USILPM1,IL Peoria Meet 1,USA,2022-11-05 00:00:00,2022-11-05 00:00:00
USMIOCM2,MI OCCRA Meet 3,USA,2022-11-05 00:00:00,2022-11-05 00:00:00
USMIKEQ,MI Kentwood FTC Qualifier,USA,2022-11-04 00:00:00,2022-11-05 00:00:00
USMIHAQ,MI Hartland FTC Qualifier,USA,2022-11-04 00:00:00,2022-11-05 00:00:00
USMIFRQ2,MI Freeland FTC Qualifier,USA,2022-11-04 00:00:00,2022-11-05 00:00:00
USMISCM7,MI South Central Meet 3,USA,2022-11-01 00:00:00,2022-11-01 00:00:00
USMIWCM2,MI Metro Detroit Meet 2,USA,2022-11-05 00:00:00,2022-11-05 00:00:00
USMOKSSWMIM6,MOKS-MO Camdenton,USA,2022-11-05 00:00:00,2022-11-05 00:00:00
USIACHM5,IA Chemical_Meet_2022-11-05,USA,2022-11-05 00:00:00,2022-11-05 00:00:00
USNJNOM7,NJ 1105-P1-PM Northern League Meet (Saturday),USA,2022-11-05 00:00:00,2022-11-05 00:00:00
USNJNOM2,NJ 1105-P1-AM   Northern League meet (Saturday),USA,2022-11-05 00:00:00,2022-11-05 00:00:00
USNJUCM2,NJ 1106-P1 Upper Central League Meet (Sunday),USA,2022-11-06 00:00:00,2022-11-06 00:00:00
USNYNYQUQ1,NY-NYC Qualifier 1,USA,2022-11-05 00:00:00,2022-11-05 00:00:00
USNYNYOPQ,NY-NYC Qualifier 2,USA,2022-11-06 00:00:00,2022-11-06 00:00:00
USOHCOHLM1,OH Central Ohio League Meet 1,USA,2022-11-02 00:00:00,2022-11-02 00:00:00
USOKOKLAM5,OK Muskogee November - afternoon,USA,2022-11-05 00:00:00,2022-11-05 00:00:00
USOKOKLAM4,OK Muskogee November - morning,USA,2022-11-05 00:00:00,2022-11-05 00:00:00
USTXCESTM3,TX-Central SSTallions Meet 1,USA,2022-11-05 00:00:00,2022-11-05 00:00:00
USTXNODLM1,TX-North D-League Meet 1,USA,2022-11-05 00:00:00,2022-11-05 00:00:00
USTXHOSLM1,TX-Houston S Meet 1,USA,2022-11-05 00:00:00,2022-11-05 00:00:00
USTXHOPAS,TX-Houston South League Practice Session,USA,2022-11-02 00:00:00,2022-11-04 00:00:00
USTXWPEPM1,TX-W&P El Paso League Meet #1,USA,2022-11-05 00:00:00,2022-11-05 00:00:00
USWAHOM1,WA Hopper League Meet 1,USA,2022-11-05 00:00:00,2022-11-05 00:00:00
USWATUM1,WA Turing League Meet 1,USA,2022-11-06 00:00:00,2022-11-06 00:00:00
USWAAGM1,WA Agnesi League Meet 1,USA,2022-11-05 00:00:00,2022-11-05 00:00:00
USWASAM1,WA Salk League Meet 1,USA,2022-11-05 00:00:00,2022-11-05 00:00:00
USWABRM1,WA Brattain League Meet 1,USA,2022-11-06 00:00:00,2022-11-06 00:00:00
USWASPM1,WA Spencer League Meet 1,USA,2022-11-06 00:00:00,2022-11-06 00:00:00
USWASHM1,WA Shockley League Meet 1,USA,2022-11-05 00:00:00,2022-11-05 00:00:00
USWABAM1,WA Bardeen League Meet 1,USA,2022-11-05 00:00:00,2022-11-05 00:00:00
USWALOM1,WA Lovelace League Meet 1,USA,2022-11-05 00:00:00,2022-11-05 00:00:00
CAONSCS,ON Fall Fiesta @ Bethune CI,Canada,2022-11-12 00:00:00,2022-11-12 00:00:00
USAKJUS1,AK Southeast Scrimmage #2,USA,2022-11-12 00:00:00,2022-11-12 00:00:00
USAKAKSCM3,AK Southcentral Alaska League Meet #3,USA,2022-11-12 00:00:00,2022-11-12 00:00:00
USCALASMS,CA- SoCal League W - Meet 0,USA,2022-11-12 00:00:00,2022-11-12 00:00:00
USCALALAS,CA-SoCal League A1 - Meet 0,USA,2022-11-12 00:00:00,2022-11-12 00:00:00
USCALAVM1,CA-SoCal League V - Meet 1,USA,2022-11-12 00:00:00,2022-11-12 00:00:00
USCALACOS,CA-SoCal League B - Meet 0,USA,2022-11-12 00:00:00,2022-11-12 00:00:00
USCALALCS1,CA-SoCal League C2 - Meet 0,USA,2022-11-12 00:00:00,2022-11-12 00:00:00
USCALACLS,CA-SoCal League E - Meet 0,USA,2022-11-12 00:00:00,2022-11-12 00:00:00
USCOFCS,CO Poudre High School,USA,2022-11-12 00:00:00,2022-11-12 00:00:00
USCODES,CO University of Colorado Denver,USA,2022-11-12 00:00:00,2022-11-12 00:00:00
USFLFLOCM2,FL ONECLAY League Meet #2,USA,2022-11-12 00:00:00,2022-11-12 00:00:00
USFLFLGCM1,FL Gulf Coast League Meet #1,USA,2022-11-12 00:00:00,2022-11-12 00:00:00
USFLFLSFM1,FL South Florida League Meet #1,USA,2022-11-12 00:00:00,2022-11-12 00:00:00
USGAATLM3,GA Atlanta Meet 3,USA,2022-11-12 00:00:00,2022-11-12 00:00:00
USGAJACKM2,GA Jackson Meet 2,USA,2022-11-12 00:00:00,2022-11-12 00:00:00
USGAATHM2,GA Caterpillar Meet 2,USA,2022-11-08 00:00:00,2022-11-08 00:00:00
USGAETOWM2,GA Etowah Meet 2,USA,2022-11-12 00:00:00,2022-11-12 00:00:00
USGAJACKM1,GA Jackson Meet 1,USA,2022-11-12 00:00:00,2022-11-12 00:00:00
USGAALBM2,GA Albany Meet 2,USA,2022-11-12 00:00:00,2022-11-12 00:00:00
USGAMARIM2,GA Marietta Meet 2,USA,2022-11-12 00:00:00,2022-11-12 00:00:00
USGAETOWM3,GA Etowah Meet 3,USA,2022-11-12 00:00:00,2022-11-12 00:00:00
USHI01M1,HI Kalani High School,USA,2022-11-12 00:00:00,2022-11-12 00:00:00
USIASOM5,IA Solar_Meet_2022-11-12,USA,2022-11-12 00:00:00,2022-11-12 00:00:00
USIACRS,IA Geothermal_Scrimmage_2022-11-09,USA,2022-11-09 00:00:00,2022-11-09 00:00:00
USIAGEM6,IA Geothermal_Meet_2022-11-12,USA,2022-11-12 00:00:00,2022-11-12 00:00:00
USIANUM5,IA Nuclear_Meet_2022-11-12,USA,2022-11-12 00:00:00,2022-11-12 00:00:00
USIAHYM4,IA Hydro_Meet_2022-11-12,USA,2022-11-12 00:00:00,2022-11-12 00:00:00
USIACHM3,IA Chemical_Meet_2022-11-12,USA,2022-11-12 00:00:00,2022-11-12 00:00:00
USILFSM1,IL Fox Valley South Meet 1,USA,2022-11-12 00:00:00,2022-11-12 00:00:00
USILCMM1B,IL Chicago Meet 1B,USA,2022-11-12 00:00:00,2022-11-12 00:00:00
USILFNM1,IL Fox Valley North Meet 1,USA,2022-11-12 00:00:00,2022-11-12 00:00:00
USILCM1,IL Central Meet 1,USA,2022-11-12 00:00:00,2022-11-12 00:00:00
USILSSM1,IL South Suburbs Meet 1,USA,2022-11-12 00:00:00,2022-11-12 00:00:00
USKYKYM3,KY Dunker Meet #1,USA,2022-11-12 00:00:00,2022-11-12 00:00:00
USLABRS,LA Dark Matter and LSU SPM Scrimmage,USA,2022-11-11 00:00:00,2022-11-13 00:00:00
USMIRHQ,MI Rochester Hills FTC Qualifier,USA,2022-11-11 00:00:00,2022-11-12 00:00:00
USMISCM3,MI South Central Meet 4,USA,2022-11-10 00:00:00,2022-11-10 00:00:00
USMIOCM4,MI OCCRA Meet 4,USA,2022-11-10 00:00:00,2022-11-10 00:00:00
USMIAHQ,MI Avondale FTC Qualifier,USA,2022-11-11 00:00:00,2022-11-12 00:00:00
USMIWCM4,MI Metro Detroit Meet 3,USA,2022-11-10 00:00:00,2022-11-10 00:00:00
USMISCM4,MI South Central Meet 6,USA,2022-11-12 00:00:00,2022-11-12 00:00:00
USMILAQ,MI Lakeview FTC Qualifier,USA,2022-11-11 00:00:00,2022-11-12 00:00:00
USMISCM8,MI South Central Meet 5,USA,2022-11-11 00:00:00,2022-11-11 00:00:00
USMIKIQ,MI Kingsford FTC Qualifier,USA,2022-11-11 00:00:00,2022-11-12 00:00:00
USMINBQ,MI North Branch FTC Qualifier,USA,2022-11-11 00:00:00,2022-11-12 00:00:00
USMNCM2,MN FTC Cass Lake League Meet 2,USA,2022-11-10 00:00:00,2022-11-10 00:00:00
USMNEAQ,MN FTC Eagan Sat. Nov. 12,USA,2022-11-12 00:00:00,2022-11-12 00:00:00
USMOKSSTLSM5,MOKS-MO Oakville AM,USA,2022-11-12 00:00:00,2022-11-12 00:00:00
USMOKSSTLSM6,MOKS-MO Oakville PM,USA,2022-11-12 00:00:00,2022-11-12 00:00:00
USMOKSSPS,MOKS-MO Kickapoo Scrimmage,USA,2022-11-12 00:00:00,2022-11-12 00:00:00
USMTEHQ,MT East Helena Qualifier,USA,2022-11-11 00:00:00,2022-11-12 00:00:00
USIAMAM8,IA-NE Magnetic_Meet_2022-11-12,USA,2022-11-12 00:00:00,2022-11-12 00:00:00
USNJSOM2,NJ 1112-P1  Southern League Meet (Saturday),USA,2022-11-12 00:00:00,2022-11-12 00:00:00
USNJNEM2,NJ 1113-P1  Northeast Edge League (Sunday),USA,2022-11-13 00:00:00,2022-11-13 00:00:00
USOHCIS,OH Summit Country Day School Scrimmage,USA,2022-11-12 00:00:00,2022-11-12 00:00:00
USOHCOHLM2,OH Central Ohio League Meet 2,USA,2022-11-12 00:00:00,2022-11-12 00:00:00
USORSOM1,OR SOAR League Meet 1,USA,2022-11-12 00:00:00,2022-11-12 00:00:00
USORRCM1,OR Rose City League Meet 1,USA,2022-11-12 00:00:00,2022-11-12 00:00:00
USORSFM1,OR Silicon Forest League Meet 1,USA,2022-11-12 00:00:00,2022-11-12 00:00:00
USPAKSS,PA UCFSD FTC Scrimmage,USA,2022-11-13 00:00:00,2022-11-13 00:00:00
USSCCHS,SC Lowcountry Scrimmage 1,USA,2022-11-12 00:00:00,2022-11-12 00:00:00
USTXNOULM1,TX-North U-League Meet 1,USA,2022-11-12 00:00:00,2022-11-12 00:00:00
USTXCEKWM1,TX-Central Kwolek Meet 1,USA,2022-11-12 00:00:00,2022-11-12 00:00:00
USTXCENSAM2,TX-Central North San Field Meet 1,USA,2022-11-12 00:00:00,2022-11-12 00:00:00
USTXWPMDM1,TX-W&P Midland League Meet #1,USA,2022-11-12 00:00:00,2022-11-12 00:00:00
USTXWPAMM1,TX-W&P Amarillo League Meet #1,USA,2022-11-12 00:00:00,2022-11-12 00:00:00
USTXCEXSTM6,TX-Central X-STREAM A Meet 1,USA,2022-11-12 00:00:00,2022-11-12 00:00:00
USTXCEOH90M1,TX- Central Old Highway 90 Meet 1,USA,2022-11-12 00:00:00,2022-11-12 00:00:00
USTXCEAUS,TX-Central Vandegrift HS Scrimmage,USA,2022-11-09 00:00:00,2022-11-09 00:00:00
USTXNOMLM1,TX-North M-League Meet 1,USA,2022-11-12 00:00:00,2022-11-12 00:00:00
USTXCEXSTM5,TX-Central X-STREAM B Meet 1,USA,2022-11-12 00:00:00,2022-11-12 00:00:00
USTXNOCLM2,TX-North C-League Meet 2,USA,2022-11-12 00:00:00,2022-11-12 00:00:00
USTXSOHAM2,TX-South Hawking Meet 2,USA,2022-11-12 00:00:00,2022-11-12 00:00:00
USTXCEGMM6,TX-Central Diamonds Meet 1,USA,2022-11-12 00:00:00,2022-11-12 00:00:00
USTXSOCUM2,TX-South Curie Meet 2,USA,2022-11-12 00:00:00,2022-11-12 00:00:00
USTXNONLM2,TX-North N-League Meet 2,USA,2022-11-12 00:00:00,2022-11-12 00:00:00
USTXNOTLM1,TX-North T-League Meet 1,USA,2022-11-12 00:00:00,2022-11-12 00:00:00
USTXCENSAM1,TX-Central Hill Country Field Meet 1,USA,2022-11-12 00:00:00,2022-11-12 00:00:00
USTXCEGCM6,TX-Central Sylvia Earle Meet 2,USA,2022-11-12 00:00:00,2022-11-12 00:00:00
USTXNOFLM1,TX-North F-League Meet 1,USA,2022-11-12 00:00:00,2022-11-12 00:00:00
USTXCEGCM5,TX-Central Daphne Koller Meet 2,USA,2022-11-12 00:00:00,2022-11-12 00:00:00
USTXWPLAM1,TX-W&P Lubbock-A League Meet #1,USA,2022-11-12 00:00:00,2022-11-12 00:00:00
USTXCEGMM5,TX-Central Emeralds Meet 1,USA,2022-11-12 00:00:00,2022-11-12 00:00:00
USTXWPLBM1,TX-W&P Lubbock-B League Meet #1,USA,2022-11-12 00:00:00,2022-11-12 00:00:00
USWAKNM1,WA Knuth League Meet 1,USA,2022-11-12 00:00:00,2022-11-12 00:00:00
AUWOQ,AU Wollongong Qualifier,Australia,2022-11-20 00:00:00,2022-11-20 00:00:00
CAABABSAM1B,AB Southern Alberta Round 1B,Canada,2022-11-18 00:00:00,2022-11-19 00:00:00
CAABABSAM1A,AB Southern Alberta Round 1A,Canada,2022-11-18 00:00:00,2022-11-19 00:00:00
CAONAUQ,ON Aurora Qualifier,Canada,2022-11-19 00:00:00,2022-11-19 00:00:00
USAKAKSCLT,AK Southcentral Alaska League Tournament,USA,2022-11-18 00:00:00,2022-11-19 00:00:00
USAZPHQ,AZ Petrified Wood - Phoenix Qualifier,USA,2022-11-19 00:00:00,2022-11-19 00:00:00
USAZGIQ,AZ Roadrunner - Gilbert Qualifier,USA,2022-11-19 00:00:00,2022-11-19 00:00:00
USCANOPNM1,CA-NorCal Peninsula League Meet 1,USA,2022-11-19 00:00:00,2022-11-19 00:00:00
USCASDSDGAM1,"CA- San Diego Gauss Meet #1, Francis Parker",USA,2022-11-20 00:00:00,2022-11-20 00:00:00
USCALADM1,CA-SoCal League D - Meet 1,USA,2022-11-19 00:00:00,2022-11-19 00:00:00
USCANOSBM1A,CA-NorCal South Bay Metro League Meet 1a,USA,2022-11-19 00:00:00,2022-11-19 00:00:00
USCASDSDEUM1,"CA- San Diego Euclid Meet #1, Francis Parker",USA,2022-11-20 00:00:00,2022-11-20 00:00:00
USCASDSDDEM1,"CA- San Diego Descartes Meet #1, Francis Parker",USA,2022-11-19 00:00:00,2022-11-19 00:00:00
USCASDSDTUM1,"CA- San Diego Turing Meet #1, Francis Parker",USA,2022-11-19 00:00:00,2022-11-19 00:00:00
USCANONEM1,CA-NorCal North East League Meet 1,USA,2022-11-19 00:00:00,2022-11-19 00:00:00
USCALAORS,CA-SoCal League O1 - Meet 0,USA,2022-11-19 00:00:00,2022-11-19 00:00:00
USCALALAS2,CA-SoCal League A2 - Meet 0,USA,2022-11-20 00:00:00,2022-11-20 00:00:00
USCANOSBM1B,CA-NorCal South Bay Metro League Meet 1b,USA,2022-11-19 00:00:00,2022-11-19 00:00:00
USCOMOS,CO Monumental Impact,USA,2022-11-19 00:00:00,2022-11-19 00:00:00
USFLFLNEM2,FL North East League Meet #2,USA,2022-11-19 00:00:00,2022-11-19 00:00:00
USFLFLSPM5,FL Space Coast Cone Wars-May the Power be with You,USA,2022-11-19 00:00:00,2022-11-19 00:00:00
USGADOUGM2,GA Douglasville Meet 2,USA,2022-11-19 00:00:00,2022-11-19 00:00:00
USGAMACM2,GA Macon Meet 2,USA,2022-11-19 00:00:00,2022-11-19 00:00:00
USGAMACM3,GA Macon Meet 3,USA,2022-11-19 00:00:00,2022-11-19 00:00:00
USGAATLM4,GA Atlanta Meet 4,USA,2022-11-19 00:00:00,2022-11-19 00:00:00
USHI01M3,HI Kukui Grove Mall - Lihue,USA,2022-11-20 00:00:00,2022-11-20 00:00:00
USHI01M2,HI Le Jardin Academy,USA,2022-11-19 00:00:00,2022-11-19 00:00:00
USIAHYM9,IA Hydro_Meet_2022-11-19_IowaCity,USA,2022-11-19 00:00:00,2022-11-19 00:00:00
USIACHM4,IA Chemical_Meet_2022-11-19,USA,2022-11-19 00:00:00,2022-11-19 00:00:00
USIANUM3,IA Nuclear_Meet_2022-11-19,USA,2022-11-19 00:00:00,2022-11-19 00:00:00
USIAGEM3,IA Geothermal_Meet_2022-11-19,USA,2022-11-19 00:00:00,2022-11-19 00:00:00
USIAGEM7,IA Geothermal_Meet_2022-11-17,USA,2022-11-17 00:00:00,2022-11-17 00:00:00
USIAWIM7,IA Wind_Meet_2022-11-19,USA,2022-11-19 00:00:00,2022-11-19 00:00:00
USIASOM6,IA Solar_Meet_2022-11-19,USA,2022-11-19 00:00:00,2022-11-19 00:00:00
USIAMAM9,IA Magnetic_Meet_2022-11-19,USA,2022-11-19 00:00:00,2022-11-19 00:00:00
USIAHYM8,IA Hydro_Meet_2022-11-19_Davenport,USA,2022-11-19 00:00:00,2022-11-19 00:00:00
USIAHYM5,IA Hydro_Meet_2022-11-17,USA,2022-11-17 00:00:00,2022-11-17 00:00:00
USILSM1,IL Southern Meet 1,USA,2022-11-19 00:00:00,2022-11-19 00:00:00
USILWM1,IL Western Meet 1,USA,2022-11-19 00:00:00,2022-11-19 00:00:00
USILRM1,IL Rockford Meet 1,USA,2022-11-19 00:00:00,2022-11-19 00:00:00
USILCMM1C,IL Chicago Meet 1C,USA,2022-11-19 00:00:00,2022-11-19 00:00:00
USMOKSKCWM3,MOKS-KS Schlagle KC West AM,USA,2022-11-19 00:00:00,2022-11-19 00:00:00
USMOKSKCEM4,MOKS-KS Schlagle KC East PM,USA,2022-11-19 00:00:00,2022-11-19 00:00:00
USMISCM5,MI South Central Meet 7,USA,2022-11-17 00:00:00,2022-11-17 00:00:00
USMILOQ2,MI Lake Orion FTC Qualifier,USA,2022-11-18 00:00:00,2022-11-19 00:00:00
USMIHOQ,MI Howell FTC Qualifier,USA,2022-11-18 00:00:00,2022-11-19 00:00:00
USMIOCM3,MI OCCRA Meet 5,USA,2022-11-19 00:00:00,2022-11-19 00:00:00
USMINOQ,MI Novi FTC Qualifier,USA,2022-11-18 00:00:00,2022-11-19 00:00:00
USMITEQ,MI Bedford FTC Qualifier,USA,2022-11-18 00:00:00,2022-11-19 00:00:00
USMISCM9,MI South Central Meet 8,USA,2022-11-18 00:00:00,2022-11-18 00:00:00
USMIFRQ,MI Fruitport FTC Qualifier,USA,2022-11-18 00:00:00,2022-11-19 00:00:00
USMISCM6,MI South Central Meet 9,USA,2022-11-19 00:00:00,2022-11-19 00:00:00
USMIWCM3,MI Metro Detroit Meet 4,USA,2022-11-16 00:00:00,2022-11-16 00:00:00
USMNPM2,MN FTC Pepin League Meet 2,USA,2022-11-19 00:00:00,2022-11-19 00:00:00
USMNVM1,MN FTC Vermillion League Meet 1,USA,2022-11-18 00:00:00,2022-11-18 00:00:00
USMNPLQ1,MN FTC Prior Lake Sat. Nov. 19,USA,2022-11-19 00:00:00,2022-11-19 00:00:00
USMNMM2,MN FTC Mille Lacs League Meet 2,USA,2022-11-19 00:00:00,2022-11-19 00:00:00
USMNPLQ2,MN FTC Prior Lake Sun. Nov. 20,USA,2022-11-20 00:00:00,2022-11-20 00:00:00
USMOKSSTLSM7,MOKS-MO Lutheran Church of the Resurrection,USA,2022-11-19 00:00:00,2022-11-19 00:00:00
USMOKSSTLNM8,MOKS-MO McCluer South-Berkeley STEAM Academy,USA,2022-11-19 00:00:00,2022-11-19 00:00:00
USMSOXS1,MS Gulf Coast Scrimmage,USA,2022-11-19 00:00:00,2022-11-19 00:00:00
USNHHUS2,NH Alvirne Scrimmage #2,USA,2022-11-19 00:00:00,2022-11-19 00:00:00
USNJUCM8,NJ 1120-P2 PM Upper Central League Meet (Sunday),USA,2022-11-20 00:00:00,2022-11-20 00:00:00
USNJUCM5,NJ 1120-P2  AM Upper Central League Meet (Sunday),USA,2022-11-20 00:00:00,2022-11-20 00:00:00
USNJNOM1,NJ 1119-P2  Northern League meet (Saturday),USA,2022-11-19 00:00:00,2022-11-19 00:00:00
USNVNOM1N,NV Northern League Meet # 1N,USA,2022-11-19 00:00:00,2022-11-19 00:00:00
USNVSOM1S,NV Southern League Meet # 1S,USA,2022-11-19 00:00:00,2022-11-19 00:00:00
USOHLOS,OH Loveland Scrimmage,USA,2022-11-20 00:00:00,2022-11-20 00:00:00
USOKOKLAM7,OK Bishop Kelley - afternoon,USA,2022-11-19 00:00:00,2022-11-19 00:00:00
USOKOKLAM6,OK Bishop Kelley - morning,USA,2022-11-19 00:00:00,2022-11-19 00:00:00
USORMWM1,OR Midwestern League Meet 1,USA,2022-11-19 00:00:00,2022-11-19 00:00:00
USORNCM3,OR North Coast League Meet 2,USA,2022-11-19 00:00:00,2022-11-19 00:00:00
USORCBM1,OR Columbia Basin League Meet 1,USA,2022-11-16 00:00:00,2022-11-16 00:00:00
USRINKS,RI Holiday Battle Scrimmage,USA,2022-11-19 00:00:00,2022-11-19 00:00:00
USTXNOBLM2,TX-North B-League Meet 2,USA,2022-11-19 00:00:00,2022-11-19 00:00:00
USTXNOXMLM1B,TX-North X-League Metro Meet 1B,USA,2022-11-19 00:00:00,2022-11-19 00:00:00
USTXSOTEM1,TX-South Tesla Meet 1 (Laredo),USA,2022-11-19 00:00:00,2022-11-19 00:00:00
USTXNOXMLM1A,TX-North X-League Metro Meet 1A,USA,2022-11-19 00:00:00,2022-11-19 00:00:00
USTXHOSELM1,TX-Houston SE Meet 1,USA,2022-11-19 00:00:00,2022-11-19 00:00:00
USTXCEWAM1,TX-Central Waco League Meet 1,USA,2022-11-17 00:00:00,2022-11-17 00:00:00
AUPYQ,AU Sydney Qualifier,Australia,2022-11-27 00:00:00,2022-11-27 00:00:00
AUTOQ,AU Adelaide Qualifier,Australia,2022-11-26 00:00:00,2022-11-26 00:00:00
CAABABNAM2,AB Northern Alberta Round #2,Canada,2022-11-26 00:00:00,2022-11-26 00:00:00
CABCVAS2,BC Vancouver Scrimmage 2,Canada,2022-11-27 00:00:00,2022-11-27 00:00:00
CABCVAS3,BC Victoria Scrimmage 3,Canada,2022-11-26 00:00:00,2022-11-26 00:00:00
CABCVAS,BC Vancouver Scrimmage 1,Canada,2022-11-26 00:00:00,2022-11-26 00:00:00
CAONSCQ2,ON Central Scarborough Qualifier,Canada,2022-11-26 00:00:00,2022-11-26 00:00:00
KZALQ1,KZ Haileybury,Kazakhstan,2022-11-26 00:00:00,2022-11-27 00:00:00
NLNLM6,NL League Meet Eindhoven,Netherlands,2022-11-26 00:00:00,2022-11-26 00:00:00
USGAALBM3,GA Albany Meet 3,USA,2022-11-26 00:00:00,2022-11-26 00:00:00
USHI01M4,HI Mililani High School,USA,2022-11-26 00:00:00,2022-11-26 00:00:00
USIAGEM4,IA Geothermal_Meet_2022-11-21,USA,2022-11-21 00:00:00,2022-11-21 00:00:00
USMIOCM6,MI OCCRA Meet 6,USA,2022-11-22 00:00:00,2022-11-22 00:00:00
USNJUCM7,NJ 1126-P1-PM  Upper Central League Meet (Saturday),USA,2022-11-26 00:00:00,2022-11-26 00:00:00
USNJUCM1,NJ 1126-P1-AM  Upper Central League Meet (Saturday),USA,2022-11-26 00:00:00,2022-11-26 00:00:00
USNJSOM3,NJ 1127-P1  AM Southern League Meet (Sunday),USA,2022-11-27 00:00:00,2022-11-27 00:00:00
USNJSOM7,NJ 1127-P1 PM Southern League Meet (Sunday),USA,2022-11-27 00:00:00,2022-11-27 00:00:00
CAONSUQ,ON Sudbury Qualifier,Canada,2022-12-03 00:00:00,2022-12-03 00:00:00
CAONWIQ,ON Windsor Qualifier,Canada,2022-12-04 00:00:00,2022-12-04 00:00:00
NLNLM1,NL League Meet The Hague,Netherlands,2022-12-03 00:00:00,2022-12-03 00:00:00
USALHUS1,AL Scrimmage #1,USA,2022-12-03 00:00:00,2022-12-03 00:00:00
USAZGLQ,AZ Cactus - Anthem Qualifier,USA,2022-12-03 00:00:00,2022-12-03 00:00:00
USCALAEM1,CA-SoCal League E - Meet 1,USA,2022-12-04 00:00:00,2022-12-04 00:00:00
USCALAA1M1,CA-SoCal League A1 - Meet 1,USA,2022-12-03 00:00:00,2022-12-03 00:00:00
USCALABM1,CA-SoCal League B - Meet 1,USA,2022-12-03 00:00:00,2022-12-03 00:00:00
USCALAC1M1,CA-SoCal League C1 - Meet 1,USA,2022-12-03 00:00:00,2022-12-03 00:00:00
USCANOSUQ,CA-NorCal Google Qualifying Tournament,USA,2022-12-03 00:00:00,2022-12-03 00:00:00
USCALAF1M2,CA-SoCal League F1 - Meet 1,USA,2022-12-03 00:00:00,2022-12-03 00:00:00
USCALAF2M1,CA-SoCal League F2 - Meet 1,USA,2022-12-03 00:00:00,2022-12-03 00:00:00
USCALAA2M1,CA-SoCal League A2 - Meet 1,USA,2022-12-04 00:00:00,2022-12-04 00:00:00
USCANOSAQ,CA-NorCal Saratoga Qualifying Tournament,USA,2022-12-04 00:00:00,2022-12-04 00:00:00
USCOENS,CO Colorado Early Colleges,USA,2022-12-03 00:00:00,2022-12-03 00:00:00
USFLFLSPM2,FL Space Coast Continuous Charge,USA,2022-12-03 00:00:00,2022-12-03 00:00:00
USFLFLOCM3,FL ONECLAY League Meet #3,USA,2022-12-03 00:00:00,2022-12-03 00:00:00
USGANORTM4,GA N Georgia Meet 4,USA,2022-12-03 00:00:00,2022-12-03 00:00:00
USGAETOWM5,GA Etowah Meet 5,USA,2022-12-03 00:00:00,2022-12-03 00:00:00
USGAALBM4,GA Albany Meet 4,USA,2022-12-03 00:00:00,2022-12-03 00:00:00
USGANORTM3,GA N Georgia Meet 3,USA,2022-12-03 00:00:00,2022-12-03 00:00:00
USGAETOWM4,GA Etowah Meet 4,USA,2022-12-03 00:00:00,2022-12-03 00:00:00
USIAWIM3,IA Wind_Meet_2022-12-03,USA,2022-12-03 00:00:00,2022-12-03 00:00:00
USIANUM4,IA Nuclear_Meet_2022-12-03_Dike,USA,2022-12-03 00:00:00,2022-12-03 00:00:00
USIAMAM7,IA Magnetic_Meet_2022-12-03,USA,2022-12-03 00:00:00,2022-12-03 00:00:00
USIAHYM2,IA Hydro_Meet_2022-12-03,USA,2022-12-03 00:00:00,2022-12-03 00:00:00
USIASOM3,IA Solar_Meet_2022-12-03,USA,2022-12-03 00:00:00,2022-12-03 00:00:00
USIACHM1,IA Chemical_Meet_2022-12-03,USA,2022-12-03 00:00:00,2022-12-03 00:00:00
USIAGEM9,IA Geothermal_Meet_2022-12-03,USA,2022-12-03 00:00:00,2022-12-03 00:00:00
USIANUM6,IA Nuclear_Meet_2022-12-03_Arlington,USA,2022-12-03 00:00:00,2022-12-03 00:00:00
USIDPFS3,ID North Idaho Scrimmage #3,USA,2022-12-03 00:00:00,2022-12-03 00:00:00
USILCMM2a,IL Chicago Meet 2A,USA,2022-12-03 00:00:00,2022-12-03 00:00:00
USINISM1,IN FIN Indy South League Meet 1,USA,2022-12-03 00:00:00,2022-12-03 00:00:00
USINNCM2,IN FIN North Central League Meet 2,USA,2022-12-03 00:00:00,2022-12-03 00:00:00
USINNWM1,IN West Central League Meet #1,USA,2022-12-03 00:00:00,2022-12-03 00:00:00
USINNCM1,IN FIN North Central League Meet 1,USA,2022-11-29 00:00:00,2022-11-29 00:00:00
USINBES,IN FIN South League Scrimmage,USA,2022-12-02 00:00:00,2022-12-02 00:00:00
USMIGWQ,MI Grosse Pte. Woods FTC Qualifier,USA,2022-12-03 00:00:00,2022-12-04 00:00:00
USMIPEQ,MI Pellston FTC Qualifier,USA,2022-12-02 00:00:00,2022-12-03 00:00:00
USMITRQ,MI Troy FTC Qualifier,USA,2022-12-02 00:00:00,2022-12-03 00:00:00
USMISCLT,MI South Central League Tournament,USA,2022-12-02 00:00:00,2022-12-03 00:00:00
USMIDEQ,MI Detroit FTC Qualifier,USA,2022-12-02 00:00:00,2022-12-03 00:00:00
USMISELT,MI South East League Tournament,USA,2022-12-02 00:00:00,2022-12-03 00:00:00
USMNVM2,MN FTC Vermillion League Meet 2,USA,2022-12-03 00:00:00,2022-12-03 00:00:00
USMNMGQ1,MN FTC Maple Grove Sat. Dec. 3,USA,2022-12-03 00:00:00,2022-12-03 00:00:00
USMNMGQ2,MN FTC Maple Grove Sun. Dec. 4,USA,2022-12-04 00:00:00,2022-12-04 00:00:00
USMOKSSTLMM2,MOKS-MO Franklin Co Baptist PM,USA,2022-12-03 00:00:00,2022-12-03 00:00:00
USMOKSSTLNM3,MOKS-MO Orchard Farm,USA,2022-12-02 00:00:00,2022-12-02 00:00:00
USMOKSKCEM2,MOKS-MO Pleasant Lea AM,USA,2022-12-03 00:00:00,2022-12-03 00:00:00
USMOKSSTLSM2,MOKS-MO Webster Groves 1,USA,2022-12-03 00:00:00,2022-12-03 00:00:00
USMOKSSWMIM3,MOKS-MO Kickapoo 1,USA,2022-12-03 00:00:00,2022-12-03 00:00:00
USMOKSSTLMM3,MOKS-MO Franklin Co Baptist AM,USA,2022-12-03 00:00:00,2022-12-03 00:00:00
USMOKSSEM2,MOKS-MO Poplar Bluff,USA,2022-12-03 00:00:00,2022-12-03 00:00:00
USMOKSKCWM2,MOKS-MO Pleasant Lea PM,USA,2022-12-03 00:00:00,2022-12-03 00:00:00
USMSFLQ1,MS Flowood Qualifier,USA,2022-12-03 00:00:00,2022-12-03 00:00:00
USMTBUQ,MT Butte Qualifier,USA,2022-12-02 00:00:00,2022-12-03 00:00:00
USNJSOM1,NJ 1204-P2  Southern League meet (Sunday),USA,2022-12-04 00:00:00,2022-12-04 00:00:00
USNJNEM1,NJ 1203-P2 Northeast Edge League meet (Saturday),USA,2022-12-03 00:00:00,2022-12-03 00:00:00
USNMANQ,NM Alamogordo FTC Qualifier,USA,2022-12-02 00:00:00,2022-12-03 00:00:00
USNYNYBRQ,NY-NYC Qualifier 4,USA,2022-12-04 00:00:00,2022-12-04 00:00:00
USNYNYBRQ3,NY-NYC Qualifier 3,USA,2022-12-03 00:00:00,2022-12-03 00:00:00
USOHCOHLM3,OH Central Ohio League Meet 3,USA,2022-12-03 00:00:00,2022-12-03 00:00:00
USOKOKLAM9,OK Muskogee December - morning,USA,2022-12-03 00:00:00,2022-12-03 00:00:00
USOKOKLAM8,OK Muskogee December - afternoon,USA,2022-12-03 00:00:00,2022-12-03 00:00:00
USPAGIS,Green and Red Scrimmage,USA,2022-12-03 00:00:00,2022-12-03 00:00:00
USSCNES,SC Midlands/Upstate Scrimmage 1,USA,2022-12-03 00:00:00,2022-12-03 00:00:00
USSCLAS,SC PeeDee Scrimmage 1,USA,2022-12-03 00:00:00,2022-12-03 00:00:00
USTXNONLM3,TX-North N-League Meet 3,USA,2022-12-03 00:00:00,2022-12-03 00:00:00
USTXCESTM2,TX-Central SSTallions Meet 2,USA,2022-12-03 00:00:00,2022-12-03 00:00:00
USTXNODLM2,TX-North D-League Meet 2,USA,2022-12-03 00:00:00,2022-12-03 00:00:00
USTXCEGCM2,TX-Central Sylvia Earle Meet 3,USA,2022-12-03 00:00:00,2022-12-03 00:00:00
USTXCEGCM3,TX-Central Daphne Koller Meet 3,USA,2022-12-03 00:00:00,2022-12-03 00:00:00
USTXCENSAM4,TX-Central Hill Country Field Meet 2,USA,2022-12-03 00:00:00,2022-12-03 00:00:00
USTXWPLAM2,TX-W&P Lubbock-A League Meet #2,USA,2022-12-03 00:00:00,2022-12-03 00:00:00
USTXWPLBM2,TX-W&P Lubbock-B League Meet #2,USA,2022-12-03 00:00:00,2022-12-03 00:00:00
USTXWPEPM2,TX-W&P El Paso League Meet #2,USA,2022-12-03 00:00:00,2022-12-03 00:00:00
USTXCEGMM2,TX-Central GEMS Meet 2,USA,2022-12-03 00:00:00,2022-12-03 00:00:00
USTXCEAUS2,TX-Central Vandegrift HS Scrimmage,USA,2022-11-30 00:00:00,2022-11-30 00:00:00
USTXNOCLM3,TX-North C-League Meet 3,USA,2022-12-03 00:00:00,2022-12-03 00:00:00
USTXHOSLM2,TX-Houston South League Meet 2,USA,2022-12-03 00:00:00,2022-12-04 00:00:00
USTXCENSAM3,TX-Central North San Field Meet 2,USA,2022-12-03 00:00:00,2022-12-03 00:00:00
USCHSMEQ2,CHS-VA Mechanicsville Qualifier 2,USA,2022-12-04 00:00:00,2022-12-04 00:00:00
USCHSCHQ,CHS-VA Christiansburg Qualifier,USA,2022-12-03 00:00:00,2022-12-03 00:00:00
USCHSMEQ1,CHS-VA Mechanicsville Qualifier 1,USA,2022-12-03 00:00:00,2022-12-03 00:00:00
USVTHIS,VT FTC Scrimmage at CVU,USA,2022-12-03 00:00:00,2022-12-03 00:00:00
USWASAM2,WA Salk League Meet 2,USA,2022-12-03 00:00:00,2022-12-03 00:00:00
USWABRM2,WA Brattain League Meet 2,USA,2022-12-04 00:00:00,2022-12-04 00:00:00
USWAHOM2,WA Hopper League Meet 2,USA,2022-12-03 00:00:00,2022-12-03 00:00:00
USWABAM2,WA Bardeen League Meet 2,USA,2022-12-03 00:00:00,2022-12-03 00:00:00
USWALOM2,WA Lovelace League Meet 2,USA,2022-12-03 00:00:00,2022-12-03 00:00:00
USWASHM2,WA Shockley League Meet 2,USA,2022-12-03 00:00:00,2022-12-03 00:00:00
USWAAGM2,WA Agnesi League Meet 2,USA,2022-12-03 00:00:00,2022-12-03 00:00:00
USWASPM2,WA Spencer League Meet 2,USA,2022-12-04 00:00:00,2022-12-04 00:00:00
USWATUM2,WA Turing League Meet 2,USA,2022-12-04 00:00:00,2022-12-04 00:00:00
USWISHQ,WI Red Raider FIRST Tech Challenge Qualifier,USA,2022-12-02 00:00:00,2022-12-03 00:00:00
AUCMP,Australian National Championship,Australia,2022-12-10 00:00:00,2022-12-11 00:00:00
CAABABNAM3,AB Northern Alberta Round #3,Canada,2022-12-10 00:00:00,2022-12-10 00:00:00
CABCKIS,BC Northern Scrimmage 5,Canada,2022-12-10 00:00:00,2022-12-10 00:00:00
CABCVAS4,BC Remote Scrimmage 4,Canada,2022-12-01 00:00:00,2022-12-07 00:00:00
CAONSCQ,ON North Scarborough Qualifier,Canada,2022-12-10 00:00:00,2022-12-10 00:00:00
CAONBOQ,ON Bolton Qualifer,Canada,2022-12-10 00:00:00,2022-12-10 00:00:00
NLNLM2,NL League Meet Hasselt,Netherlands,2022-12-10 00:00:00,2022-12-10 00:00:00
NZCMP,New Zealand National Championship,New Zealand,2022-12-09 00:00:00,2022-12-10 00:00:00
THCMP,Thailand FTC Championship Event,Thailand,2022-12-07 00:00:00,2022-12-10 00:00:00
USAKANQ,AK Southcentral Alaska Qualifier,USA,2022-12-09 00:00:00,2022-12-10 00:00:00
USAKJUQ,AK Southeast Alaska Qualifier,USA,2022-12-09 00:00:00,2022-12-10 00:00:00
USARMHS,AR Mountain Home Scrimmage,USA,2022-12-10 00:00:00,2022-12-10 00:00:00
USCALAVM2,CA-SoCal League V - Meet 2,USA,2022-12-10 00:00:00,2022-12-10 00:00:00
USCANOPNM2,CA-NorCal Peninsula League Meet 2,USA,2022-12-10 00:00:00,2022-12-10 00:00:00
USCALAO1M1,CA-SoCal League O1 - Meet 1,USA,2022-12-10 00:00:00,2022-12-10 00:00:00
USCANOPIQ,CA-NorCal Piedmont Qualifying Tournament,USA,2022-12-10 00:00:00,2022-12-10 00:00:00
USCASDSDDEM2,"CA- San Diego Descartes Meet #2, Pacific Ridge",USA,2022-12-10 00:00:00,2022-12-10 00:00:00
USCALADM2,CA-SoCal League D - Meet 2,USA,2022-12-10 00:00:00,2022-12-10 00:00:00
USCANODUQ,CA-NorCal Dublin Qualifying Tournament,USA,2022-12-11 00:00:00,2022-12-11 00:00:00
USCASDSDEUM2,"CA- San Diego Euclid Meet #2, Pacific Ridge",USA,2022-12-10 00:00:00,2022-12-10 00:00:00
USCALAWM1,CA-SoCal League W - Meet 1,USA,2022-12-10 00:00:00,2022-12-10 00:00:00
USCASDSDTUM2,"CA- San Diego Turing Meet #2, Pacific Ridge",USA,2022-12-11 00:00:00,2022-12-11 00:00:00
USCASDSDGAM2,"CA- San Diego Gauss Meet #2, Pacific Ridge",USA,2022-12-11 00:00:00,2022-12-11 00:00:00
USCOGRS,CO EGMS - Scrimmage,USA,2022-12-10 00:00:00,2022-12-10 00:00:00
USFLFLROM1,FL ROBOT League Seven Rivers Shenanigans,USA,2022-12-10 00:00:00,2022-12-10 00:00:00
USFLFLNEM3,FL North East League Meet #3,USA,2022-12-10 00:00:00,2022-12-10 00:00:00
USFLFLSFM2,FL South Florida League Meet #2,USA,2022-12-10 00:00:00,2022-12-10 00:00:00
USFLFLACM3,FL AeroCoast League Meet #3,USA,2022-12-10 00:00:00,2022-12-10 00:00:00
USFLFLGCM2,FL Gulf Coast League Meet #2,USA,2022-12-10 00:00:00,2022-12-10 00:00:00
USGAATLLT,GA Atlanta League Tournament,USA,2022-12-10 00:00:00,2022-12-10 00:00:00
USGAMACM4,GA Macon Meet 4,USA,2022-12-10 00:00:00,2022-12-10 00:00:00
USGAMARIM3,GA Marietta Meet 3,USA,2022-12-10 00:00:00,2022-12-10 00:00:00
USGAMACM5,GA Macon Meet 5,USA,2022-12-10 00:00:00,2022-12-10 00:00:00
USGAJACKM4,GA Jackson Meet 4,USA,2022-12-10 00:00:00,2022-12-10 00:00:00
USGAJACKM3,GA Jackson Meet 3,USA,2022-12-10 00:00:00,2022-12-10 00:00:00
USGAATHM3,GA Caterpillar Meet 3,USA,2022-12-06 00:00:00,2022-12-06 00:00:00
USHI01LT,HI Le Jardin Academy,USA,2022-12-10 00:00:00,2022-12-10 00:00:00
USIAMAM1,IA Magnetic_Meet_2022-12-10,USA,2022-12-10 00:00:00,2022-12-10 00:00:00
USIAGEM8,IA Geothermal_Meet_2022-12-10,USA,2022-12-10 00:00:00,2022-12-10 00:00:00
USIAHYM1,IA Hydro_Meet_2022-12-10,USA,2022-12-10 00:00:00,2022-12-10 00:00:00
USIAWIM1,IA Wind_Meet_2022-12-10,USA,2022-12-10 00:00:00,2022-12-10 00:00:00
USIASOM1,IA Solar_Meet_2022-12-10,USA,2022-12-10 00:00:00,2022-12-10 00:00:00
USIANUM1,IA Nuclear_Meet_2022-12-10,USA,2022-12-10 00:00:00,2022-12-10 00:00:00
USILCM2,IL Central Meet 2,USA,2022-12-10 00:00:00,2022-12-10 00:00:00
USILFNM2,IL Fox Valley North Meet 2,USA,2022-12-10 00:00:00,2022-12-10 00:00:00
USILFSM2,IL Fox Valley South Meet 2,USA,2022-12-10 00:00:00,2022-12-10 00:00:00
USILCMM2B,IL Chicago Meet 2B,USA,2022-12-10 00:00:00,2022-12-10 00:00:00
USILSM2,IL Southern Meet 2,USA,2022-12-10 00:00:00,2022-12-10 00:00:00
USILNEM2,IL Northeast Lake Meet 2,USA,2022-12-10 00:00:00,2022-12-10 00:00:00
USILNSM2,IL North Shore Meet 2,USA,2022-12-10 00:00:00,2022-12-10 00:00:00
USILPM2,IL Peoria Meet 2,USA,2022-12-10 00:00:00,2022-12-10 00:00:00
USINISM2,IN FIN Indy South League Meet 2,USA,2022-12-10 00:00:00,2022-12-10 00:00:00
USMOKSKCEM3,MOKS-KS Heritage Christian KC East PM,USA,2022-12-10 00:00:00,2022-12-10 00:00:00
USMOKSKCWM4,MOKS-KS Heritage Christian KC West AM,USA,2022-12-10 00:00:00,2022-12-10 00:00:00
USMIBRQ,MI Big Rapids FTC Qualifier,USA,2022-12-09 00:00:00,2022-12-10 00:00:00
USMIFLQ,MI Kettering FTC Qualifier,USA,2022-12-09 00:00:00,2022-12-10 00:00:00
USMICOQ,MI Coloma FTC Qualifier,USA,2022-12-09 00:00:00,2022-12-10 00:00:00
USMICMP2,Michigan FTC State Championship-SE,USA,2022-12-08 00:00:00,2022-12-10 00:00:00
USMNVM3,MN FTC Vermillion League Meet 3,USA,2022-12-10 00:00:00,2022-12-10 00:00:00
USMNCM3,MN FTC Cass Lake League Meet 3,USA,2022-12-08 00:00:00,2022-12-08 00:00:00
USMNNBQ2,MN FTC New Brighton Sun. Dec. 11,USA,2022-12-11 00:00:00,2022-12-11 00:00:00
USMNNBQ1,MN FTC New Brighton Sat. Dec. 10,USA,2022-12-10 00:00:00,2022-12-10 00:00:00
USMOKSSTLNM2,MOKS-MO Incarnate Word Academy PM,USA,2022-12-10 00:00:00,2022-12-10 00:00:00
USMOKSSWMIM1,MOKS-MO Rolla Technical Institute 1,USA,2022-12-10 00:00:00,2022-12-10 00:00:00
USMOKSSTLNM1,MOKS-MO Incarnate Word Academy AM,USA,2022-12-10 00:00:00,2022-12-10 00:00:00
USNCBUS,NC FTC Official Scrimmage,USA,2022-12-11 00:00:00,2022-12-11 00:00:00
USNDALS,ND Dakota Alexander Comets Scrimmage,USA,2022-12-10 00:00:00,2022-12-10 00:00:00
USNJNOM4,NJ 1211-P2  Northern League Meet (Sunday),USA,2022-12-11 00:00:00,2022-12-11 00:00:00
USNJUCM3,NJ 1210-P2  Upper Central League Meet (Saturday),USA,2022-12-10 00:00:00,2022-12-10 00:00:00
USNVNOM2N,NV Northern League Meet # 2N,USA,2022-12-08 00:00:00,2022-12-08 00:00:00
USNVSOM2S,NV Southern League Meet # 2S,USA,2022-12-08 00:00:00,2022-12-08 00:00:00
USOKOKLAM1,OK TSAS December,USA,2022-12-10 00:00:00,2022-12-10 00:00:00
USORCBM2,OR Columbia Basin League Meet 2,USA,2022-12-07 00:00:00,2022-12-07 00:00:00
USORSOM2,OR SOAR League Meet 2,USA,2022-12-10 00:00:00,2022-12-10 00:00:00
USORSFM2,OR Silicon Forest League Meet 2,USA,2022-12-10 00:00:00,2022-12-10 00:00:00
USORRCM2,OR Rose City League Meet 2,USA,2022-12-10 00:00:00,2022-12-10 00:00:00
USORNCM2,OR North Coast League Meet 3,USA,2022-12-10 00:00:00,2022-12-10 00:00:00
USSCMAS,SC Upstate/Midlands Scrimmage 2,USA,2022-12-10 00:00:00,2022-12-10 00:00:00
USSCNLCS2,SC Lowcountry Scrimmage 2,USA,2022-12-10 00:00:00,2022-12-10 00:00:00
USTXHONLM1,TX-Houston North League Meet 1,USA,2022-12-10 00:00:00,2022-12-10 00:00:00
USTXHONEM1,TX-Houston Northeast League Meet 1,USA,2022-12-10 00:00:00,2022-12-10 00:00:00
USTXNOBLM3,TX-North B-League Meet 3,USA,2022-12-10 00:00:00,2022-12-10 00:00:00
USTXNOFLM2,TX-North F-League Meet 2,USA,2022-12-10 00:00:00,2022-12-10 00:00:00
USTXNOXMLM2B,TX-North X-League Metro Meet 2B,USA,2022-12-10 00:00:00,2022-12-10 00:00:00
USTXWPMDM2,TX-W&P Midland League Meet #2,USA,2022-12-10 00:00:00,2022-12-10 00:00:00
USTXNOTLM2,TX-North T-League Meet 2,USA,2022-12-10 00:00:00,2022-12-10 00:00:00
USTXHOHOS1,TX-Houston East League Scrimmage,USA,2022-12-10 00:00:00,2022-12-10 00:00:00
USTXNOULM2,TX-North U-League Meet 2,USA,2022-12-10 00:00:00,2022-12-10 00:00:00
USTXCEOH90M2,TX- Central Old Highway 90 Meet 2,USA,2022-12-10 00:00:00,2022-12-10 00:00:00
USTXNOCNLT1,TX-North C&N Tournament,USA,2022-12-10 00:00:00,2022-12-10 00:00:00
USTXCEXSTM1,TX-Central X-STREAM B Meet 2,USA,2022-12-10 00:00:00,2022-12-10 00:00:00
USTXCEKWM2,TX-Central Kwolek Meet 2,USA,2022-12-10 00:00:00,2022-12-10 00:00:00
USTXSOCUM3,TX-South Curie Meet 3,USA,2022-12-10 00:00:00,2022-12-10 00:00:00
USTXWPAMM2,TX-W&P Amarillo League Meet #2,USA,2022-12-10 00:00:00,2022-12-10 00:00:00
USTXSOHAM3,TX-South Hawking Meet 3,USA,2022-12-10 00:00:00,2022-12-10 00:00:00
USTXCEWAM2,TX-Central Waco League Meet 2,USA,2022-12-07 00:00:00,2022-12-07 00:00:00
USTXNOXMLM2A,TX-North X-League Metro Meet 2A,USA,2022-12-10 00:00:00,2022-12-10 00:00:00
USTXCEXSTM2,TX-Central X-STREAM A Meet 2,USA,2022-12-10 00:00:00,2022-12-10 00:00:00
USUTPRQ,UT Freedom Prep Academy Qualifier,USA,2022-12-10 00:00:00,2022-12-10 00:00:00
USCHSORQ,CHS-VA Orange Qualifier,USA,2022-12-10 00:00:00,2022-12-10 00:00:00
USCHSGAQ,CHS-VA Glen Allen Qualifier,USA,2022-12-11 00:00:00,2022-12-11 00:00:00
USWAKNM2,WA Knuth League Meet 2,USA,2022-12-10 00:00:00,2022-12-10 00:00:00
USWIBRS,WI Hazmat FTC Scrimmage,USA,2022-12-10 00:00:00,2022-12-10 00:00:00
CAABABSAM2,AB Southern Alberta Round 2,Canada,2022-12-17 00:00:00,2022-12-17 00:00:00
KZALS,Kazakhstan FIZMAT Championship,Kazakhstan,2022-12-16 00:00:00,2022-12-16 00:00:00
USAKFAQ,AK Fairbanks Qualifier,USA,2022-12-17 00:00:00,2022-12-17 00:00:00
USAKJUS3,AK Remote PowerPlay Scrimmage,USA,2022-12-12 00:00:00,2022-12-17 00:00:00
USAZTUQ,AZ Diamondback - Tucson Qualifier,USA,2022-12-17 00:00:00,2022-12-17 00:00:00
USCANOSBM2B,CA-NorCal South Bay Metro League Meet 2b,USA,2022-12-17 00:00:00,2022-12-17 00:00:00
USCALAA2M2,CA-SoCal League A2 - Meet 2,USA,2022-12-18 00:00:00,2022-12-18 00:00:00
USCALAC2M1,CA-SoCal League C2 - Meet 1,USA,2022-12-17 00:00:00,2022-12-17 00:00:00
USCANOSBM2A,CA-NorCal South Bay Metro League Meet 2a,USA,2022-12-17 00:00:00,2022-12-17 00:00:00
USCANONEM2,CA-NorCal North East League Meet 2,USA,2022-12-17 00:00:00,2022-12-17 00:00:00
USCALAA1M2,CA-SoCal League A1 - Meet 2,USA,2022-12-17 00:00:00,2022-12-17 00:00:00
USFLFLOLM2,FL Orlando Robotics League Meet #2,USA,2022-12-17 00:00:00,2022-12-17 00:00:00
USFLFLSPM1,FL Space Coast Wild Voltz,USA,2022-12-17 00:00:00,2022-12-17 00:00:00
USGADOUGM3,GA Douglasville Meet 3,USA,2022-12-17 00:00:00,2022-12-17 00:00:00
USIAWIM5,IA Wind_Meet_2022-12-17,USA,2022-12-17 00:00:00,2022-12-17 00:00:00
USIAHYM6,IA Hydro_Meet_2022-12-17_Dubuque,USA,2022-12-17 00:00:00,2022-12-17 00:00:00
USIAGEM11,IA Geothermal_Meet_2022-12-17,USA,2022-12-17 00:00:00,2022-12-17 00:00:00
USIAWIM2,IA Wind_Meet_2022-12-13,USA,2022-12-13 00:00:00,2022-12-13 00:00:00
USIAMAM2,IA Magnetic_Meet_2022-12-17,USA,2022-12-17 00:00:00,2022-12-17 00:00:00
USIANUM8,IA Nuclear_Meet_2022-12-16,USA,2022-12-16 00:00:00,2022-12-16 00:00:00
USIAGEM5,IA Geothermal_Meet_2022-12-16,USA,2022-12-16 00:00:00,2022-12-16 00:00:00
USIANUM2,IA Nuclear_Meet_2022-12-17,USA,2022-12-17 00:00:00,2022-12-17 00:00:00
USIAHYM7,IA Hydro_Meet_2022-12-17_IowaCity,USA,2022-12-17 00:00:00,2022-12-17 00:00:00
USIASOM2,IA Solar_Meet_2022-12-17,USA,2022-12-17 00:00:00,2022-12-17 00:00:00
USILWM2,IL Western Meet 2,USA,2022-12-17 00:00:00,2022-12-17 00:00:00
USILRM2,IL Rockford Meet 2,USA,2022-12-17 00:00:00,2022-12-17 00:00:00
USILSSM2,IL South Suburbs Meet 2,USA,2022-12-17 00:00:00,2022-12-17 00:00:00
USILCMM2c,IL Chicago Meet 2C,USA,2022-12-17 00:00:00,2022-12-17 00:00:00
USINNCM4,IN FIN North Central League Meet 4,USA,2022-12-17 00:00:00,2022-12-17 00:00:00
USINNWM2,IN West Central League Meet #2,USA,2022-12-17 00:00:00,2022-12-17 00:00:00
USINNCM3,IN FIN North Central League Meet 3,USA,2022-12-12 00:00:00,2022-12-12 00:00:00
USINSLM1,IN FIN South League Meet 1,USA,2022-12-16 00:00:00,2022-12-16 00:00:00
USMASHQ,MA Ryken Robobowl,USA,2022-12-18 00:00:00,2022-12-18 00:00:00
USMICMP,Michigan FTC State Championship-NW,USA,2022-12-15 00:00:00,2022-12-17 00:00:00
USMNMM3,MN FTC Mille Lacs League Meet 3,USA,2022-12-17 00:00:00,2022-12-17 00:00:00
USMNPM3,MN FTC Pepin League Meet 3,USA,2022-12-17 00:00:00,2022-12-17 00:00:00
USMOKSSTLNM5,MOKS-MO Warrenton PM,USA,2022-12-17 00:00:00,2022-12-17 00:00:00
USMOKSKCEM1,MOKS-MO Knob Noster AM,USA,2022-12-17 00:00:00,2022-12-17 00:00:00
USMOKSSTLSM1,MOKS-MO Gateway STEM HS,USA,2022-12-17 00:00:00,2022-12-17 00:00:00
USMOKSKCWM1,MOKS-MO Knob Noster PM,USA,2022-12-17 00:00:00,2022-12-17 00:00:00
USMOKSSTLNM10,MOKS-MO Orchard Farm 2,USA,2022-12-15 00:00:00,2022-12-15 00:00:00
USMOKSSEM1,MOKS-MO Notre Dame,USA,2022-12-17 00:00:00,2022-12-17 00:00:00
USMOKSSWMIM2,MOKS-MO Newburg,USA,2022-12-17 00:00:00,2022-12-17 00:00:00
USMOKSSTLMM1,MOKS-MO St. Louis Community College Wildwood,USA,2022-12-17 00:00:00,2022-12-17 00:00:00
USMOKSSTLNM4,MOKS-MO Warrenton AM,USA,2022-12-17 00:00:00,2022-12-17 00:00:00
USNHWIS,NH Windham Scrimmage #3,USA,2022-12-17 00:00:00,2022-12-17 00:00:00
USNJNEM4,NJ 1218-P2  Northeast Edge League Meet (Sunday),USA,2022-12-18 00:00:00,2022-12-18 00:00:00
USNJSOM4,NJ 1217-P2  Southern League Meet (Saturday),USA,2022-12-17 00:00:00,2022-12-17 00:00:00
USNYEXPEQ,NY-Excelsior Finger Lakes Qualifier,USA,2022-12-17 00:00:00,2022-12-17 00:00:00
USOHKIS,OH Kirtland Scrimmage,USA,2022-12-17 00:00:00,2022-12-17 00:00:00
USOHCOHLLT,OH Central Ohio League Tournament,USA,2022-12-17 00:00:00,2022-12-17 00:00:00
USOKOKLAM10,OK Okarche - morning,USA,2022-12-17 00:00:00,2022-12-17 00:00:00
USOKOKLAM2,OK Okarche - afternoon,USA,2022-12-17 00:00:00,2022-12-17 00:00:00
USPACOQ1,PA Eastern Qualifier,USA,2022-12-17 00:00:00,2022-12-17 00:00:00
USPACOQ2,PA Red and Black Qualifier,USA,2022-12-18 00:00:00,2022-12-18 00:00:00
USTNKNS,TN Webb School,USA,2022-12-17 00:00:00,2022-12-17 00:00:00
USTXSOTEM2,TX-South Tesla Meet 2 (Laredo),USA,2022-12-17 00:00:00,2022-12-17 00:00:00
USTXCEGCM1,TX-Central Daphne Koller Meet 4,USA,2022-12-17 00:00:00,2022-12-17 00:00:00
USTXCEGCM4,TX-Central Sylvia Earle Meet 4,USA,2022-12-17 00:00:00,2022-12-17 00:00:00
USTXSOTEM3,TX-South Tesla Meet 3 (Laredo),USA,2022-12-17 00:00:00,2022-12-17 00:00:00
USTXNOMLM2,TX-North M-League Meet 2,USA,2022-12-17 00:00:00,2022-12-17 00:00:00
USWATELT,WA Tesla Interleague Tournament,USA,2022-12-18 00:00:00,2022-12-18 00:00:00
USWACULT,WA Curie Interleague Tournament,USA,2022-12-17 00:00:00,2022-12-17 00:00:00
USWAPALT1,WA Pasteur Interleague Tournament,USA,2022-12-18 00:00:00,2022-12-18 00:00:00
USWAWALT,WA Watt Interleague Tournament,USA,2022-12-17 00:00:00,2022-12-17 00:00:00
USWAFELT1,WA Feynman Interleague Tournament,USA,2022-12-17 00:00:00,2022-12-17 00:00:00
USWIVAQ,WI Lakeshore FIRST Tech Challenge Qualifier,USA,2022-12-16 00:00:00,2022-12-17 00:00:00
USLATBQ,LA Qualifier 1,USA,2022-12-15 00:00:00,2022-12-19 00:00:00
CABCSUS,BC L.A. Matheson Scrimmage,Canada,2023-01-07 00:00:00,2023-01-07 00:00:00
GBLOS,GB South East Scrimmage,United Kingdom,2023-01-06 00:00:00,2023-01-06 00:00:00
USARSPS2,AR Turnbow Scrimmage,USA,2023-01-07 00:00:00,2023-01-07 00:00:00
USCALAA2M3,CA-SoCal League A2 - Meet 3,USA,2023-01-08 00:00:00,2023-01-08 00:00:00
USCANOSJQ1,CA-NorCal San Jose #1 Qualifying Tournament,USA,2023-01-08 00:00:00,2023-01-08 00:00:00
USCALADM3,CA-SoCal League D - Meet 3,USA,2023-01-07 00:00:00,2023-01-07 00:00:00
USCALAF2M2,CA-SoCal League F2 - Meet 2,USA,2023-01-07 00:00:00,2023-01-07 00:00:00
USCALAWM2,CA-SoCal League W - Meet 2,USA,2023-01-08 00:00:00,2023-01-08 00:00:00
USCALAF1M1,CA-SoCal League F1 - Meet 2,USA,2023-01-07 00:00:00,2023-01-07 00:00:00
USCALAC1M2,CA-SoCal League C1 - Meet 2,USA,2023-01-07 00:00:00,2023-01-07 00:00:00
USCODEQ,CO Central Metro Qualifier,USA,2023-01-07 00:00:00,2023-01-07 00:00:00
USFLFLACM4,FL AeroCoast League Meet #4,USA,2023-01-07 00:00:00,2023-01-07 00:00:00
USGAMARIM4,GA Marietta Meet 4,USA,2023-01-07 00:00:00,2023-01-07 00:00:00
USIACHM2,IA Chemical_Meet_2023-01-07,USA,2023-01-07 00:00:00,2023-01-07 00:00:00
USIAWILT,IA Wind League Tournament,USA,2023-01-07 00:00:00,2023-01-07 00:00:00
USIAMALT,IA Magnetic League Tournament,USA,2023-01-07 00:00:00,2023-01-07 00:00:00
USIAGEM2,IA Geothermal_Meet_2023-01-06,USA,2023-01-06 00:00:00,2023-01-06 00:00:00
USIASOM4,IA Solar_Meet_2023-01-07,USA,2023-01-07 00:00:00,2023-01-07 00:00:00
USIDPFS4,ID North Idaho Scrimmage #4,USA,2023-01-07 00:00:00,2023-01-07 00:00:00
USILPM3,IL Peoria Meet 3,USA,2023-01-07 00:00:00,2023-01-07 00:00:00
USINSLM2,IN FIN South League Meet 2,USA,2023-01-07 00:00:00,2023-01-07 00:00:00
USMALEQ,MA Battle of Lexington 8.0,USA,2023-01-07 00:00:00,2023-01-07 00:00:00
USMOKSSWMIM5,MOKS-MO Kickapoo 2,USA,2023-01-07 00:00:00,2023-01-07 00:00:00
USMOKSSTLNM11,MOKS-MO STLN Christian High Meet,USA,2023-01-07 00:00:00,2023-01-07 00:00:00
USMOKSSTLNM7,MOKS-MO Discovery Elementary AM,USA,2023-01-07 00:00:00,2023-01-07 00:00:00
USMOKSSTLNM6,MOKS-MO Discovery Elementary PM,USA,2023-01-07 00:00:00,2023-01-07 00:00:00
USMOKSSTLMM6,MOKS-MO MICDS,USA,2023-01-06 00:00:00,2023-01-06 00:00:00
USMSGRQ3,MS Grenada Qualifier,USA,2023-01-07 00:00:00,2023-01-07 00:00:00
USNCELS,NC Elon Power Play Scrimmage,USA,2023-01-07 00:00:00,2023-01-07 00:00:00
USNJNOM5,NJ 0107-P3  Northern League Meet (Saturday),USA,2023-01-07 00:00:00,2023-01-07 00:00:00
USNJUCM4,NJ 0108-P3  Upper Central League Meet (Sunday),USA,2023-01-08 00:00:00,2023-01-08 00:00:00
USNYEXCOQ,NY-Excelsior Corning Qualifier,USA,2023-01-08 00:00:00,2023-01-08 00:00:00
USOHCLQ,OH Kirtland Qualifier,USA,2023-01-06 00:00:00,2023-01-07 00:00:00
USOKOKLAM14,OK OSSM,USA,2023-01-08 00:00:00,2023-01-08 00:00:00
USOKOKLAM13,OK Mustang - January,USA,2023-01-07 00:00:00,2023-01-07 00:00:00
USORMWM2,OR Midwestern League Meet 2,USA,2023-01-07 00:00:00,2023-01-07 00:00:00
USORSFM3,OR Silicon Forest League Meet 3,USA,2023-01-07 00:00:00,2023-01-07 00:00:00
USORMWM3,OR Midwestern League Meet 3,USA,2023-01-07 00:00:00,2023-01-07 00:00:00
USORSOM3,OR SOAR League Meet 3,USA,2023-01-07 00:00:00,2023-01-07 00:00:00
USORRCM3,OR Rose City League Meet 3,USA,2023-01-07 00:00:00,2023-01-07 00:00:00
USPAPHS,PA FTC Scrimmage,USA,2023-01-06 00:00:00,2023-01-06 00:00:00
USRIPRQ,RI Wheeler School Qualifier,USA,2023-01-07 00:00:00,2023-01-07 00:00:00
USSCFLS2,SC PeeDee Scrimmage 2,USA,2023-01-07 00:00:00,2023-01-07 00:00:00
USTNCHS,TN Baylor School Chattanooga,USA,2023-01-07 00:00:00,2023-01-07 00:00:00
USTXNOFLM3,TX-North F-League Meet 3,USA,2023-01-07 00:00:00,2023-01-07 00:00:00
USTXCESTM1,TX-Central SSTallions Meet 3,USA,2023-01-07 00:00:00,2023-01-07 00:00:00
USTXNOMLM3,TX-North M-League Meet 3,USA,2023-01-07 00:00:00,2023-01-07 00:00:00
CAABABSAM3,AB Southern Alberta Round 3 (Junior High Only),Canada,2023-01-14 00:00:00,2023-01-14 00:00:00
CABCKIS6,BC Northern Scrimmage 6,Canada,2023-01-14 00:00:00,2023-01-14 00:00:00
CAONKIQ,ON Kingston Qualifier,Canada,2023-01-14 00:00:00,2023-01-14 00:00:00
JMK6S2,JM Jamaica College Scrimmage,Jamaica,2023-01-14 00:00:00,2023-01-14 00:00:00
KZKAQ,KZ DARYN Tournament,Kazakhstan,2023-01-10 00:00:00,2023-01-11 00:00:00
NLNLM3,NL League Meet Bladel,Netherlands,2023-01-14 00:00:00,2023-01-14 00:00:00
GBCHS,GB North Scrimmage,United Kingdom,2023-01-12 00:00:00,2023-01-12 00:00:00
GBSTS,GB West Midlands Scrimmage,United Kingdom,2023-01-10 00:00:00,2023-01-10 00:00:00
GBBES,GB Northern Ireland Scrimmage,United Kingdom,2023-01-10 00:00:00,2023-01-10 00:00:00
USAZGOQ,AZ Palo Verde - Goodyear Qualifier,USA,2023-01-14 00:00:00,2023-01-14 00:00:00
USCANOPNM3,CA-NorCal Peninsula League Meet 3,USA,2023-01-14 00:00:00,2023-01-14 00:00:00
USCANOSJQ2,CA-NorCal San Jose #2 Qualifying Tournament,USA,2023-01-15 00:00:00,2023-01-15 00:00:00
USCALAEM2,CA-SoCal League E - Meet 2,USA,2023-01-14 00:00:00,2023-01-14 00:00:00
USCALAC1M3,CA-SoCal League C1 - Meet 3,USA,2023-01-14 00:00:00,2023-01-14 00:00:00
USCANONEM3,CA-NorCal North East League Meet 3,USA,2023-01-14 00:00:00,2023-01-14 00:00:00
USCALAO1M2,CA-SoCal League O1 - Meet 2,USA,2023-01-14 00:00:00,2023-01-14 00:00:00
USCALAC2M2,CA-SoCal League C2 - Meet 2,USA,2023-01-14 00:00:00,2023-01-14 00:00:00
USCANOSCQ2,CA-NorCal Santa Clara #2 Qualifying Tournament,USA,2023-01-14 00:00:00,2023-01-14 00:00:00
USCHSWAQ,CHS-DC Qualifier 1,USA,2023-01-14 00:00:00,2023-01-14 00:00:00
USCHSWAQ1,CHS-DC Qualifier 2,USA,2023-01-15 00:00:00,2023-01-15 00:00:00
USDEWIS2,DE FTC Meet -- Tower Hill,USA,2023-01-14 00:00:00,2023-01-14 00:00:00
USFLFLOLM3,FL Orlando Robotics League Meet #3,USA,2023-01-14 00:00:00,2023-01-14 00:00:00
USFLFLSPM4,FL Space Coast Pink Pac Rat Party,USA,2023-01-14 00:00:00,2023-01-14 00:00:00
USFLFLOCM4,FL ONECLAY League Meet #4,USA,2023-01-14 00:00:00,2023-01-14 00:00:00
USFLFLGCM3,FL Gulf Coast League Meet #3,USA,2023-01-14 00:00:00,2023-01-14 00:00:00
USFLFLNEM4,FL North East League Meet #4,USA,2023-01-14 00:00:00,2023-01-14 00:00:00
USFLFLROM3,FL ROBOT League Meet #3,USA,2023-01-14 00:00:00,2023-01-14 00:00:00
USGANORTM5,GA N Georgia Meet 5,USA,2023-01-14 00:00:00,2023-01-14 00:00:00
USGAATHM4,GA Caterpillar Meet 4,USA,2023-01-10 00:00:00,2023-01-10 00:00:00
USGAJACKM5,GA Jackson Meet 5,USA,2023-01-14 00:00:00,2023-01-14 00:00:00
USGADOUGM4,GA Douglasville Meet 4,USA,2023-01-14 00:00:00,2023-01-14 00:00:00
USHICMP,Hawai’i Regional Championship,USA,2023-01-14 00:00:00,2023-01-14 00:00:00
USIAGEM1,IA Geothermal_Meet_2023-01-10,USA,2023-01-10 00:00:00,2023-01-10 00:00:00
USIAHYLT,IA  Hydro League Tournament,USA,2023-01-14 00:00:00,2023-01-14 00:00:00
USIANULT,IA Nuclear League Tournament,USA,2023-01-14 00:00:00,2023-01-14 00:00:00
USIDGOS,ID Southern Idaho Scrimmage,USA,2023-01-14 00:00:00,2023-01-14 00:00:00
USILSSM3,IL South Suburbs Meet 3,USA,2023-01-14 00:00:00,2023-01-14 00:00:00
USILNEM3,IL Northeast Lake Meet 3,USA,2023-01-14 00:00:00,2023-01-14 00:00:00
USILFNM3,IL Fox Valley North Meet 3,USA,2023-01-14 00:00:00,2023-01-14 00:00:00
USILSM3,ILSouthern Meet 3,USA,2023-01-14 00:00:00,2023-01-14 00:00:00
USILCMM3A,IL Chicago Meet 3A,USA,2023-01-14 00:00:00,2023-01-14 00:00:00
USILWM3,IL Western Meet 3,USA,2023-01-14 00:00:00,2023-01-14 00:00:00
USILCM3,IL Central Meet 3,USA,2023-01-14 00:00:00,2023-01-14 00:00:00
USILFSM3,IL Fox Valley South Meet 3,USA,2023-01-14 00:00:00,2023-01-14 00:00:00
USILNSM3,IL North Shore Meet 3,USA,2023-01-15 00:00:00,2023-01-15 00:00:00
USINISM3,IN FIN Indy South League Meet 3,USA,2023-01-14 00:00:00,2023-01-14 00:00:00
USINNWM3,IN West Central League Meet #3,USA,2023-01-14 00:00:00,2023-01-14 00:00:00
USINSLM3,IN FIN South League Meet 3,USA,2023-01-14 00:00:00,2023-01-14 00:00:00
USMNBUQ1,MN FTC Burnsville Sat. Jan. 14,USA,2023-01-14 00:00:00,2023-01-14 00:00:00
USMNBUQ2,MN FTC Burnsville Sun. Jan. 15,USA,2023-01-15 00:00:00,2023-01-15 00:00:00
USMOKSKCWM6,MOKS-MO East Trails KC West AM,USA,2023-01-14 00:00:00,2023-01-14 00:00:00
USMOKSKCEM6,MOKS-MO East Trails KC East PM,USA,2023-01-14 00:00:00,2023-01-14 00:00:00
USMOKSSTLSM3,MOKS-MO St. Joseph's Academy,USA,2023-01-11 00:00:00,2023-01-11 00:00:00
USMOKSSWMIM4,MOKS-MO Rolla Technical Institute 2,USA,2023-01-14 00:00:00,2023-01-14 00:00:00
USMOKSSTLMM7,MOKS-MO Girl Scouts,USA,2023-01-14 00:00:00,2023-01-14 00:00:00
USMSBCQ4,MS Bogue Chitto Qualifier,USA,2023-01-14 00:00:00,2023-01-14 00:00:00
USNCHUQ,NC FTC JM Alexander MS,USA,2023-01-14 00:00:00,2023-01-14 00:00:00
USNDFAQ,ND Dakota State Qualifier at NDSU,USA,2023-01-09 00:00:00,2023-01-14 00:00:00
USIACHM6,IA-NE Chemical_Meet_2023-01-14,USA,2023-01-14 00:00:00,2023-01-14 00:00:00
USNHMAQ,NH Derryfield Qualifier #1,USA,2023-01-14 00:00:00,2023-01-14 00:00:00
USNJNEM5,NJ 0114-P3  Northeast Edge League Meet (Saturday),USA,2023-01-14 00:00:00,2023-01-14 00:00:00
USNJSOM5,NJ 0115-P3  Southern League Meet (Sunday),USA,2023-01-15 00:00:00,2023-01-15 00:00:00
USNMALQ,NM Albuquerque FTC Qualifier,USA,2023-01-13 00:00:00,2023-01-14 00:00:00
USNYNYQUQ6,NY-NYC Qualifier 6,USA,2023-01-15 00:00:00,2023-01-15 00:00:00
USNYEXPEQ2,NY-Excelsior Peekskill Qualifier,USA,2023-01-14 00:00:00,2023-01-14 00:00:00
USNYLIFPQ2,NY-Long Island Qualifier #2,USA,2023-01-15 00:00:00,2023-01-15 00:00:00
USNYLIFPQ1,NY-Long Island Qualifier #1,USA,2023-01-14 00:00:00,2023-01-14 00:00:00
USNYEXALQ,NY-Excelsior Albany Academies Qualifier,USA,2023-01-14 00:00:00,2023-01-14 00:00:00
USNYNYQUQ5,NY-NYC Qualifier 5,USA,2023-01-14 00:00:00,2023-01-14 00:00:00
USOHOXQ,OH Miami University Qualifier,USA,2023-01-12 00:00:00,2023-01-14 00:00:00
USOKOKLAM11,OK TSAS January,USA,2023-01-14 00:00:00,2023-01-14 00:00:00
USPACTQ,PA Southwestern Qualifier,USA,2023-01-14 00:00:00,2023-01-14 00:00:00
USRIEGQ,RI New England Tech Qualifier,USA,2023-01-14 00:00:00,2023-01-14 00:00:00
USTXCENSAM6,TX-Central Hill Country Field Meet 3,USA,2023-01-14 00:00:00,2023-01-14 00:00:00
USTXCEWAM3,TX-Central Waco League Meet 3,USA,2023-01-12 00:00:00,2023-01-12 00:00:00
USTXHOWLM2,TX-Houston West League Meet 1,USA,2023-01-14 00:00:00,2023-01-14 00:00:00
USTXCENSAM5,TX-Central North San Field Meet 3,USA,2023-01-14 00:00:00,2023-01-14 00:00:00
USTXCEAUS3,TX-Central Vandegrift Scrimmage,USA,2023-01-10 00:00:00,2023-01-10 00:00:00
USTXHONEM2,TX-Houston Northeast League Meet 2,USA,2023-01-14 00:00:00,2023-01-14 00:00:00
USTXNODLM3,TX-North D-League Meet 3,USA,2023-01-14 00:00:00,2023-01-14 00:00:00
USTXCEGMM4,TX-Central GEMS Meet 3,USA,2023-01-14 00:00:00,2023-01-14 00:00:00
USTXSOCULT,TX-South Curie League Tournament,USA,2023-01-14 00:00:00,2023-01-14 00:00:00
USTXNOTLM3,TX-North T-League Meet 3,USA,2023-01-14 00:00:00,2023-01-14 00:00:00
USTXCEOH90M3,TX-Central Old Highway 90 Meet 3,USA,2023-01-14 00:00:00,2023-01-14 00:00:00
USTXHONLM2,TX-Houston North League Meet 2,USA,2023-01-14 00:00:00,2023-01-14 00:00:00
USTXCEXSTM4,TX-Central X-STREAM A Meet 3,USA,2023-01-14 00:00:00,2023-01-14 00:00:00
USTXCEKWM3,TX-Central Kwolek Meet 3,USA,2023-01-14 00:00:00,2023-01-14 00:00:00
USTXHOSELM2,TX-Houston SE Meet 2,USA,2023-01-14 00:00:00,2023-01-14 00:00:00
USTXHOCLM1,TX-Houston Central League Meet 1,USA,2023-01-14 00:00:00,2023-01-14 00:00:00
USTXWPAMM3,TX-W&P Amarillo League Meet #3,USA,2023-01-14 00:00:00,2023-01-14 00:00:00
USTXNOXMLM3A,TX-North X-League Metro Meet 3A,USA,2023-01-14 00:00:00,2023-01-14 00:00:00
USTXWPEPM3,TX-W&P El Paso League Meet #3,USA,2023-01-14 00:00:00,2023-01-14 00:00:00
USTXWPLAMA3,TX-W&P Lubbock-A League Meet #3,USA,2023-01-14 00:00:00,2023-01-14 00:00:00
USTXHOELM1,TX-Houston East League Meet 1,USA,2023-01-14 00:00:00,2023-01-14 00:00:00
USTXCEXSTM3,TX-Central X-STREAM B Meet 3,USA,2023-01-14 00:00:00,2023-01-14 00:00:00
USTXNOXMLM3B,TX-North X-League Metro Meet 3B,USA,2023-01-14 00:00:00,2023-01-14 00:00:00
USCHSCHQ2,CHS-VA Charlottesville Qualifier,USA,2023-01-15 00:00:00,2023-01-15 00:00:00
USWIBRS2,WI Mentor Madness Scrimmage - Hosted by RhinoBots/Alien,USA,2023-01-15 00:00:00,2023-01-15 00:00:00
CAABABNAM4,AB Northern Alberta Round #4,Canada,2023-01-21 00:00:00,2023-01-21 00:00:00
KZASQ,KZ Nurorda Tournament,Kazakhstan,2023-01-21 00:00:00,2023-01-21 00:00:00
MXTOSQ,MX FTC POWER PLAY Regional Norte (Torreón),Mexico,2023-01-20 00:00:00,2023-01-21 00:00:00
MXTOSQ2,MX FTC POWER PLAY Regional Centro (Toluca),Mexico,2023-01-20 00:00:00,2023-01-21 00:00:00
NLNLM4,NL League Meet Zeist,Netherlands,2023-01-21 00:00:00,2023-01-21 00:00:00
ZACTQ,Western Cape Regional,South Africa,2023-01-21 00:00:00,2023-01-21 00:00:00
GBCAS,GB East Scrimmage,United Kingdom,2023-01-19 00:00:00,2023-01-19 00:00:00
GBBOS,GB South West Scrimmage,United Kingdom,2023-01-16 00:00:00,2023-01-16 00:00:00
USAKCMP,Alaska State Championship,USA,2023-01-20 00:00:00,2023-01-21 00:00:00
USAZCHQ,AZ Turquoise - Chandler Qualifier,USA,2023-01-21 00:00:00,2023-01-21 00:00:00
USCASDSDTUM3,"CA- San Diego Turing Meet #3, Mater Dei",USA,2023-01-22 00:00:00,2023-01-22 00:00:00
USCALAC2M3,CA-SoCal League C2 - Meet 3,USA,2023-01-21 00:00:00,2023-01-21 00:00:00
USCASDSDGAM3,"CA- San Diego Gauss Meet #3, Mater Dei",USA,2023-01-22 00:00:00,2023-01-22 00:00:00
USCANOSJQ3,CA-NorCal San Jose #3 Qualifying Tournament,USA,2023-01-22 00:00:00,2023-01-22 00:00:00
USCALAVM3,CA-SoCal League V - Meet 3,USA,2023-01-21 00:00:00,2023-01-21 00:00:00
USCASDSDEUM3,"CA- San Diego Euclid Meet #3, Mater Dei",USA,2023-01-21 00:00:00,2023-01-21 00:00:00
USCALSLAQ,CALS LAUSD Qualifier 1,USA,2023-01-21 00:00:00,2023-01-21 00:00:00
USCANOROQ,CA-NorCal Roseville Qualifying Tournament,USA,2023-01-21 00:00:00,2023-01-21 00:00:00
USCALAF1M3,CA-SoCal League F1 - Meet 3,USA,2023-01-21 00:00:00,2023-01-21 00:00:00
USCALAF2M3,CA-SoCal League F2 - Meet 3,USA,2023-01-21 00:00:00,2023-01-21 00:00:00
USCALAWM3,CA-SoCal League W - Meet 3,USA,2023-01-21 00:00:00,2023-01-21 00:00:00
USCALABM2,CA-SoCal League B - Meet 2,USA,2023-01-21 00:00:00,2023-01-21 00:00:00
USCALAO1M3,CA-SoCal League O1 - Meet 3,USA,2023-01-21 00:00:00,2023-01-21 00:00:00
USCANOSBM3A,CA-NorCal South Bay Metro League Meet 3a,USA,2023-01-21 00:00:00,2023-01-21 00:00:00
USCALAA1M3,CA-SoCal League A1 - Meet 3,USA,2023-01-21 00:00:00,2023-01-21 00:00:00
USCASDSDDEM3,"CA- San Diego Descartes Meet #3, Mater Dei",USA,2023-01-21 00:00:00,2023-01-21 00:00:00
USCALAEM3,CA-SoCal League E - Meet 3,USA,2023-01-21 00:00:00,2023-01-21 00:00:00
USCANOSBM3B,CA-NorCal South Bay Metro League Meet 3b,USA,2023-01-21 00:00:00,2023-01-21 00:00:00
USCOBRQ,CO Broomfield Qualifier,USA,2023-01-21 00:00:00,2023-01-21 00:00:00
USCTWOQ,CT Wolcott Qualifier,USA,2023-01-21 00:00:00,2023-01-21 00:00:00
USFLFLSFM3,FL South Florida Meet #3,USA,2023-01-21 00:00:00,2023-01-21 00:00:00
USGANWLT,GA Northwest Georgia League Tournament,USA,2023-01-21 00:00:00,2023-01-21 00:00:00
USGASOUTLT,GA South Georgia League Tournament,USA,2023-01-21 00:00:00,2023-01-21 00:00:00
USIASOLT,IA Solar League Tournament,USA,2023-01-21 00:00:00,2023-01-21 00:00:00
USILCMM3B,IL Chicago Meet 3B,USA,2023-01-21 00:00:00,2023-01-21 00:00:00
USILRM3,IL Rockford Meet 3,USA,2023-01-21 00:00:00,2023-01-21 00:00:00
USINNCM5,IN FIN North Central League Meet 5,USA,2023-01-21 00:00:00,2023-01-21 00:00:00
USINISLT,IN FIN Indy-South League Tournament,USA,2023-01-21 00:00:00,2023-01-21 00:00:00
USINNCM6,IN FIN North Central League Meet 6,USA,2023-01-21 00:00:00,2023-01-21 00:00:00
USKYKYM2,KY Dunker Meet #2,USA,2023-01-21 00:00:00,2023-01-21 00:00:00
USLANOQ,LA Qualifier 2,USA,2023-01-20 00:00:00,2023-01-22 00:00:00
USMAANQ4,MA Robostorm 7.2,USA,2023-01-22 00:00:00,2023-01-22 00:00:00
USMAANQ3,MA Robostorm 7.1,USA,2023-01-21 00:00:00,2023-01-21 00:00:00
USCHSLAQ,CHS-MD Laurel Qualifier,USA,2023-01-21 00:00:00,2023-01-21 00:00:00
USCHSMCQ,CHS-MD McHenry Qualifier,USA,2023-01-21 00:00:00,2023-01-21 00:00:00
USMNLLT1,MN FTC Otsego Sat. Jan. 21,USA,2023-01-21 00:00:00,2023-01-21 00:00:00
USMNLLT2,MN FTC Otsego Sun. Jan. 22,USA,2023-01-22 00:00:00,2023-01-22 00:00:00
USMOKSSEM3,MOKS-MO Jackson,USA,2023-01-21 00:00:00,2023-01-21 00:00:00
USMOKSSWMIM7,MOKS-MO Lebanon Meet,USA,2023-01-21 00:00:00,2023-01-21 00:00:00
USMOKSKCEM5,MOKS-MO Belton KC East AM,USA,2023-01-21 00:00:00,2023-01-21 00:00:00
USMOKSKCWM5,MOKS-MO Belton KC West PM,USA,2023-01-21 00:00:00,2023-01-21 00:00:00
USMOKSSTLMM4,MOKS-MO Eureka PM,USA,2023-01-21 00:00:00,2023-01-21 00:00:00
USMOKSSTLMM5,MOKS-MO Eureka AM,USA,2023-01-21 00:00:00,2023-01-21 00:00:00
USMOKSSTLSM4,MOKS-MO Webster Groves 2,USA,2023-01-21 00:00:00,2023-01-21 00:00:00
USMSMEQ2,MS Meridian Qualifier,USA,2023-01-21 00:00:00,2023-01-21 00:00:00
USNCSMQ,NC FTC Smithfield-Selma HS,USA,2023-01-21 00:00:00,2023-01-21 00:00:00
USNCROQ,NC FTC Thales Academy Rolesville,USA,2023-01-21 00:00:00,2023-01-21 00:00:00
USNDBIQ,ND Dakota State Qualifier at The Dakota Adventist Academy,USA,2023-01-16 00:00:00,2023-01-21 00:00:00
USNHWIQ,NH Windham Qualifier #2,USA,2023-01-22 00:00:00,2023-01-22 00:00:00
USNJUCM6,NJ 0121-P3  Upper Central League Meet (Saturday),USA,2023-01-21 00:00:00,2023-01-21 00:00:00
USNJNOM6,NJ 0122-P3  Northern League Meet (Sunday),USA,2023-01-22 00:00:00,2023-01-22 00:00:00
USNVNOM4N,NV Northern League Meet # 4N,USA,2023-01-21 00:00:00,2023-01-21 00:00:00
USNVNOM3N,NV Northern League Meet # 3N,USA,2023-01-21 00:00:00,2023-01-21 00:00:00
USNVSOM3S,NV Southern League Meet # 3S,USA,2023-01-21 00:00:00,2023-01-21 00:00:00
USNVSOM4S,NV Southern League Meet # 4S,USA,2023-01-21 00:00:00,2023-01-21 00:00:00
USNYEXUTQ,NY-Excelsior MVCC Utica Qualifier,USA,2023-01-22 00:00:00,2023-01-22 00:00:00
USOKOKLAM12,OK Oktaha,USA,2023-01-21 00:00:00,2023-01-21 00:00:00
USOKOKLAM15,OK SWOSU,USA,2023-01-21 00:00:00,2023-01-21 00:00:00
USORWVLT,OR Willamette Valley League Tournament,USA,2023-01-21 00:00:00,2023-01-21 00:00:00
USORNCLT,OR North Coast League Tournament,USA,2023-01-20 00:00:00,2023-01-20 00:00:00
USORCBM3,OR Columbia Basin League Meet 3,USA,2023-01-18 00:00:00,2023-01-18 00:00:00
USPAYOQ2,PA Blue and White Qualifier,USA,2023-01-22 00:00:00,2023-01-22 00:00:00
USPAYOQ1,PA South Central Qualifier,USA,2023-01-21 00:00:00,2023-01-21 00:00:00
USRIWOQ,RI Mt. St. Charles Academy Qualifier,USA,2023-01-21 00:00:00,2023-01-21 00:00:00
USSCRHS,SC Upstate Scrimmage 3,USA,2023-01-21 00:00:00,2023-01-21 00:00:00
USSCORS3,SC Midlands Scrimmage 3,USA,2023-01-21 00:00:00,2023-01-21 00:00:00
USSCNLCS3,SC Lowcountry Scrimmage 3,USA,2023-01-21 00:00:00,2023-01-21 00:00:00
USTNNAS,TN Central Magnet Hosting in Mid TN,USA,2023-01-21 00:00:00,2023-01-21 00:00:00
USTXNOBTLT,TX-North B&T Tournament,USA,2023-01-21 00:00:00,2023-01-21 00:00:00
USTXHOSWM2,TX-Houston Southwest League Meet 1,USA,2023-01-21 00:00:00,2023-01-21 00:00:00
USTXNOFMLT,TX-North F&M Tournament,USA,2023-01-21 00:00:00,2023-01-21 00:00:00
USTXCENSALT,TX-Central North San / Hill Country League Tournament,USA,2023-01-20 00:00:00,2023-01-21 00:00:00
USTXNOULM3,TX-North U-League Meet 3,USA,2023-01-21 00:00:00,2023-01-21 00:00:00
USTXHOSLM3,TX-Houston South League Meet 3,USA,2023-01-21 00:00:00,2023-01-21 00:00:00
USTXCEWALT,TX-Central Waco League Tournament,USA,2023-01-20 00:00:00,2023-01-20 00:00:00
USTXWPMDM3,TX-W&P Midland League Meet #3,USA,2023-01-21 00:00:00,2023-01-21 00:00:00
USTXSOHALT,TX-South Hawking League Tournament,USA,2023-01-21 00:00:00,2023-01-21 00:00:00
USCHSHAQ1,CHS-VA Harrisonburg Qualifier 1,USA,2023-01-21 00:00:00,2023-01-21 00:00:00
USCHSHAQ2,CHS-VA Harrisonburg Qualifier 2,USA,2023-01-22 00:00:00,2023-01-22 00:00:00
USVTBUS,VT FTC scrimmage at South Burlington HS,USA,2023-01-21 00:00:00,2023-01-21 00:00:00
USWABES4,WA Washington Tech Invitational,USA,2023-01-21 00:00:00,2023-01-21 00:00:00
USWINBQ,WI Patriot Games,USA,2023-01-21 00:00:00,2023-01-21 00:00:00
CAABABSAM4,AB Southern Alberta Round 4,Canada,2023-01-28 00:00:00,2023-01-28 00:00:00
CABCVIQ,BC Victoria Qualifier,Canada,2023-01-28 00:00:00,2023-01-28 00:00:00
CABCSUQ,BC Lower Mainland Qualifier,Canada,2023-01-28 00:00:00,2023-01-28 00:00:00
CABCVAQ,BC Remote Qualifier,Canada,2023-01-19 00:00:00,2023-01-25 00:00:00
CAONPIQ,ON Remote Qualifying Tournament,Canada,2023-01-21 00:00:00,2023-01-26 00:00:00
CAQCCMP,Festival de Robotique - Championnat provincial du Défi Techno FIRST,Canada,2023-01-28 00:00:00,2023-01-28 00:00:00
ILSDS2,Israel Scrimmage #2,Israel,2023-01-26 00:00:00,2023-01-26 00:00:00
ILMES,Israel Scrimmage #1,Israel,2023-01-23 00:00:00,2023-01-23 00:00:00
KZALQ2,KZ FIZMAT Tournament,Kazakhstan,2023-01-29 00:00:00,2023-01-29 00:00:00
MXCMSQ,MX FTC POWER PLAY Regional CDMX (CDMX),Mexico,2023-01-27 00:00:00,2023-01-28 00:00:00
NLNLM5,NL League Meet Delft,Netherlands,2023-01-28 00:00:00,2023-01-28 00:00:00
ZAJOQ1,Gauteng Regional Event,South Africa,2023-01-28 00:00:00,2023-01-28 00:00:00
USALFPS,AL Scrimmage #2,USA,2023-01-28 00:00:00,2023-01-28 00:00:00
USAZQCQ,AZ Copper - Queen Creek Qualifier,USA,2023-01-28 00:00:00,2023-01-28 00:00:00
USAZCHQ2,AZ Red Rock - Microchip Qualifier,USA,2023-01-28 00:00:00,2023-01-28 00:00:00
USCALSLAQ3,CALS LAUSD Qualifier 3,USA,2023-01-28 00:00:00,2023-01-28 00:00:00
USCANONELT,CA-NorCal North East League Tournament,USA,2023-01-28 00:00:00,2023-01-28 00:00:00
USCALSLAQ2,CALS LAUSD Qualifier 2,USA,2023-01-28 00:00:00,2023-01-28 00:00:00
USCALABM3,CA-SoCal League B - Meet 3,USA,2023-01-28 00:00:00,2023-01-28 00:00:00
USCANOFOQ,CA-NorCal Folsom Qualifying Tournament,USA,2023-01-29 00:00:00,2023-01-29 00:00:00
USCOGSQ,CO Mountain Qualifier,USA,2023-01-28 00:00:00,2023-01-28 00:00:00
USDEWIS3,DE FTC Meet at Padua,USA,2023-01-24 00:00:00,2023-01-24 00:00:00
USFLFLSPLT,FL Space Coast League Tournament,USA,2023-01-28 00:00:00,2023-01-28 00:00:00
USFLFLACLT,FL AeroCoast League Tournament,USA,2023-01-28 00:00:00,2023-01-28 00:00:00
USGAWESTLT,GA West Georgia League Tournament,USA,2023-01-28 00:00:00,2023-01-28 00:00:00
USIACHLT,IA Chemical League Tournament,USA,2023-01-28 00:00:00,2023-01-28 00:00:00
USIAGELT,IA Geothermal League Tournament,USA,2023-01-28 00:00:00,2023-01-28 00:00:00
USILCMM3C,IL Chicago Meet 3C,USA,2023-01-28 00:00:00,2023-01-28 00:00:00
USILCSNELT,IL Suburban Northeast League Tournament at Grainger,USA,2023-01-28 00:00:00,2023-01-28 00:00:00
USINNWLT,IN FIN Northwest League Tournament,USA,2023-01-28 00:00:00,2023-01-28 00:00:00
USKYKYM1,KY Beaker Meet #2,USA,2023-01-28 00:00:00,2023-01-28 00:00:00
USCHSUBQ,CHS-MD Union Bridge Qualifier,USA,2023-01-28 00:00:00,2023-01-28 00:00:00
USMOKSSTLNLT,MOKS-MO STL North League Tournament,USA,2023-01-28 00:00:00,2023-01-28 00:00:00
USMOKSSWMILT1,MOKS-MO SW Mid MO League Tournament,USA,2023-01-28 00:00:00,2023-01-28 00:00:00
USMSBIQ5,MS Biloxi Qualifier,USA,2023-01-28 00:00:00,2023-01-28 00:00:00
USNCELQ,NC FTC Western MS,USA,2023-01-28 00:00:00,2023-01-28 00:00:00
USNCSAQ,NC FTC Ascend Leadership Academy,USA,2023-01-28 00:00:00,2023-01-28 00:00:00
USNCGRQ,NC Hope Middle School,USA,2023-01-28 00:00:00,2023-01-28 00:00:00
USNHEXQ,NH Phillips Exeter Academy Qualifier #3,USA,2023-01-29 00:00:00,2023-01-29 00:00:00
USNJNEM6,NJ 0129-P3  Northeast Edge League Meet (Sunday),USA,2023-01-29 00:00:00,2023-01-29 00:00:00
USNJSOM6,NJ 0128-P3  Southern League Meet (Saturday),USA,2023-01-28 00:00:00,2023-01-28 00:00:00
USNMCMP,New Mexico Regional Championship,USA,2023-01-27 00:00:00,2023-01-28 00:00:00
USNVNOM5N,NV Northern League Meet # 5N,USA,2023-01-28 00:00:00,2023-01-28 00:00:00
USNVSOM6S,NV Southern League Meet # 6S,USA,2023-01-28 00:00:00,2023-01-28 00:00:00
USNVSOM5S,NV Southern League Meet # 5S,USA,2023-01-28 00:00:00,2023-01-28 00:00:00
USNYEXBRQ,NY-Excelsior Broadalbin-Perth Qualifier,USA,2023-01-29 00:00:00,2023-01-29 00:00:00
USNYLILVQ,NY-Long Island Qualifier #3,USA,2023-01-29 00:00:00,2023-01-29 00:00:00
USOHVWQ,OH Van Wert Qualifier,USA,2023-01-27 00:00:00,2023-01-28 00:00:00
USOHCIQ,OH Walnut Hills Qualifier,USA,2023-01-27 00:00:00,2023-01-28 00:00:00
USORSFLT,OR Silicon Forest League Tournament,USA,2023-01-28 00:00:00,2023-01-28 00:00:00
USORPAQ,OR Hillsboro Qualifying Tournament,USA,2023-01-29 00:00:00,2023-01-29 00:00:00
USORUMQ,OR Umatilla Qualifying Tournament,USA,2023-01-28 00:00:00,2023-01-28 00:00:00
USSCHAS3,SC PeeDee Scrimmage 3,USA,2023-01-28 00:00:00,2023-01-28 00:00:00
USTXWPLBM3,TX-W&P Lubbock-B League Meet #3,USA,2023-01-28 00:00:00,2023-01-28 00:00:00
USTXWPMDLT,TX-W&P Midland League Tournament,USA,2023-01-28 00:00:00,2023-01-28 00:00:00
USTXCEXSTLT1,TX-Central X-STREAM League Tournament,USA,2023-01-28 00:00:00,2023-01-28 00:00:00
USTXCEGCLT,TX-Central Gulf Coast League Tournament,USA,2023-01-28 00:00:00,2023-01-28 00:00:00
USTXHOELM2,TX-Houston East League Meet 2,USA,2023-01-28 00:00:00,2023-01-28 00:00:00
USTXSOTELT,TX-South Tesla League Tournament,USA,2023-01-28 00:00:00,2023-01-28 00:00:00
USTXCEKWLT1,TX-Central Kwolek League Tournament,USA,2023-01-27 00:00:00,2023-01-28 00:00:00
USTXCE90STLT,TX-Central 90 SSTallions League Tournament,USA,2023-01-27 00:00:00,2023-01-28 00:00:00
USTXNODULT1,TX-North D&U Tournament,USA,2023-01-28 00:00:00,2023-01-28 00:00:00
USTXCEGMLT,TX-Central GEMS League Tournament,USA,2023-01-28 00:00:00,2023-01-28 00:00:00
USTXHONEM3,TX-Houston Northeast League Meet 3,USA,2023-01-28 00:00:00,2023-01-28 00:00:00
USCHSNOQ,VA Norfolk Qualifier,USA,2023-01-29 00:00:00,2023-01-29 00:00:00
USCHSHEQ,CHS-VA Herndon Qualifier,USA,2023-01-29 00:00:00,2023-01-29 00:00:00
USWACMP,Washington State Championship,USA,2023-01-28 00:00:00,2023-01-28 00:00:00
USWIHAQ,WI Knack Attack,USA,2023-01-28 00:00:00,2023-01-28 00:00:00
CAABABNALT,Alberta Northern Championship,Canada,2023-02-04 00:00:00,2023-02-05 00:00:00
ILSHS3,Israel Scrimmage #3,Israel,2023-01-30 00:00:00,2023-01-30 00:00:00
LYALQ,LY Tripoli Qualifying Competition,Libya,2023-02-03 00:00:00,2023-02-04 00:00:00
KRCMP,Korea Robot Championship,South Korea,2023-02-04 00:00:00,2023-02-04 00:00:00
USALHUS3,AL Scrimmage #3,USA,2023-02-04 00:00:00,2023-02-04 00:00:00
USAZWAQ,AZ Desert Vista - Waddell Qualifier,USA,2023-02-04 00:00:00,2023-02-04 00:00:00
USCALAROQ1,CA-SoCal ILT 1 -Romoland Saturday,USA,2023-02-04 00:00:00,2023-02-04 00:00:00
USCANOSJQ,CA-NorCal San Jose #4 Qualifying Tournament,USA,2023-02-05 00:00:00,2023-02-05 00:00:00
USCALAROQ2,CA-SoCal ILT 2 - Romoland Sunday,USA,2023-02-05 00:00:00,2023-02-05 00:00:00
USCANOPNLT,CA-NorCal Peninsula League Tournament,USA,2023-02-04 00:00:00,2023-02-04 00:00:00
USCOLIQ,CO Southwest Metro Qualifier,USA,2023-02-04 00:00:00,2023-02-04 00:00:00
USCTWIQ,CT Windsor Qualifier,USA,2023-02-04 00:00:00,2023-02-04 00:00:00
USDEDOS,DE FTC Meet at DSU,USA,2023-02-04 00:00:00,2023-02-04 00:00:00
USFLFLSFLT,FL South Florida League Tournament,USA,2023-02-04 00:00:00,2023-02-04 00:00:00
USFLFLNELT,FL North East League Tournament,USA,2023-02-04 00:00:00,2023-02-04 00:00:00
USFLFLOCLT,FL ONECLAY League Tournament,USA,2023-02-04 00:00:00,2023-02-04 00:00:00
USFLFLROLT,FL ROBOT League Tournament,USA,2023-02-04 00:00:00,2023-02-04 00:00:00
USFLFLGCLT,FL Gulf Coast League Tournament,USA,2023-02-04 00:00:00,2023-02-04 00:00:00
USFLFLOLLT,FL Orlando Robotics League Tournament,USA,2023-02-04 00:00:00,2023-02-04 00:00:00
USGANELT,GA Northeast Georgia League Tournament,USA,2023-02-04 00:00:00,2023-02-04 00:00:00
USIDPFS5,ID North Idaho Scrimmage #5,USA,2023-02-04 00:00:00,2023-02-04 00:00:00
USILCSNWLT,IL Suburban Northwest League Tournament,USA,2023-02-04 00:00:00,2023-02-04 00:00:00
USILCMLTA,IL Chicago League Tournament A,USA,2023-02-04 00:00:00,2023-02-04 00:00:00
USILPWLT,IL Peoria Western League Tournament,USA,2023-02-04 00:00:00,2023-02-04 00:00:00
USILCSSLT,IL Suburban South League Tournament,USA,2023-02-04 00:00:00,2023-02-04 00:00:00
USINNCLT,IN FIN North-Central League Tournament,USA,2023-02-04 00:00:00,2023-02-04 00:00:00
USLAALQ,LA Qualifier 3,USA,2023-02-03 00:00:00,2023-02-05 00:00:00
USMANEQ,MA Rocket Rumble 4.1,USA,2023-02-04 00:00:00,2023-02-04 00:00:00
USMANEQ2,MA Rocket Rumble 4.2,USA,2023-02-05 00:00:00,2023-02-05 00:00:00
USCHSPOQ,CHS-MD Potomac Qualifier,USA,2023-02-05 00:00:00,2023-02-05 00:00:00
USMOKSKCELT,MOKS-MO KC East League Tournament,USA,2023-02-04 00:00:00,2023-02-04 00:00:00
USMOKSSTLSLT,MOKS-MO STL South League Tournament,USA,2023-02-04 00:00:00,2023-02-04 00:00:00
USMTCMP,Montana Regional Championship,USA,2023-02-02 00:00:00,2023-02-03 00:00:00
USNCWSQ,NC FTC Salem Academy and College,USA,2023-02-04 00:00:00,2023-02-04 00:00:00
USNCASQ,NC FTC Asheville School,USA,2023-02-04 00:00:00,2023-02-04 00:00:00
USNDCMP,North Dakota State Championships,USA,2023-01-30 00:00:00,2023-02-05 00:00:00
USIATBSQ,IA Western Iowa Super Qualifier,USA,2023-02-04 00:00:00,2023-02-04 00:00:00
USNHHUQ,NH Alvirne Qualifier #4,USA,2023-02-05 00:00:00,2023-02-05 00:00:00
USNJNELT,NJ 0205 Northeast Conference; Northeast Edge League Tournament,USA,2023-02-05 00:00:00,2023-02-05 00:00:00
USNJUCLT,NJ 0204 Morris County Conference; Upper Central League Tournament,USA,2023-02-04 00:00:00,2023-02-04 00:00:00
USNYNYBRQ7,NY-NYC Qualifier 7,USA,2023-02-04 00:00:00,2023-02-04 00:00:00
USNYNYBRQ8,NY-NYC Qualifier 8,USA,2023-02-05 00:00:00,2023-02-05 00:00:00
USNYEXPOQ,NY-Excelsior Clarkson University Qualifier,USA,2023-02-04 00:00:00,2023-02-04 00:00:00
USOHKEQ,OH Kent State University Qualifier,USA,2023-02-03 00:00:00,2023-02-04 00:00:00
USOHWAQ,OH Wapakoneta Qualifier,USA,2023-02-02 00:00:00,2023-02-04 00:00:00
USOKOKLALT2,OK Oklahoma West,USA,2023-02-03 00:00:00,2023-02-04 00:00:00
USORSOLT,OR SOAR League Tournament,USA,2023-02-04 00:00:00,2023-02-04 00:00:00
USORWIQ,OR Wilsonville Qualifying Tournament,USA,2023-02-04 00:00:00,2023-02-04 00:00:00
USPAPHQ,PA Philadelphia Qualifier,USA,2023-02-04 00:00:00,2023-02-04 00:00:00
USSCFIQ,SC West Qualifying Tournament,USA,2023-02-04 00:00:00,2023-02-04 00:00:00
USTXCEBUSQ,TX-Central Semi-Regional North,USA,2023-02-04 00:00:00,2023-02-04 00:00:00
USTXWPEPLT,TX-W&P El Paso League Tournament,USA,2023-02-04 00:00:00,2023-02-04 00:00:00
USTXHOWLM3,TX-Houston West League Meet 3,USA,2023-02-04 00:00:00,2023-02-04 00:00:00
USTXWPLALTA,TX-W&P Lubbock-A League Tournament,USA,2023-02-04 00:00:00,2023-02-04 00:00:00
USTXHOSWM3,TX- Houston Soutwest League Meet 3,USA,2023-02-04 00:00:00,2023-02-04 00:00:00
USTXHOCLM2,TX-Houston Central League Meet 2,USA,2023-02-04 00:00:00,2023-02-04 00:00:00
USTXHOCLM3,TX-Houston Central League Meet 3,USA,2023-02-04 00:00:00,2023-02-04 00:00:00
USTXHOSWM1,TX-Houston Southwest League Meet 2,USA,2023-02-04 00:00:00,2023-02-04 00:00:00
USTXHONLM3,TX-Houston North League Meet 3,USA,2023-02-04 00:00:00,2023-02-04 00:00:00
USTXNOXMLLT,TX-North X^2 Tournament,USA,2023-02-04 00:00:00,2023-02-04 00:00:00
USTXHOWLM1,TX-Houston West League Meet 2,USA,2023-02-04 00:00:00,2023-02-04 00:00:00
USTXHOSLLT1,TX-Houston South League TOURNAMENT,USA,2023-02-04 00:00:00,2023-02-04 00:00:00
USTXHOSELM3,TX-Houston SE Meet 3,USA,2023-02-04 00:00:00,2023-02-04 00:00:00
USUTHUQ,UT Hurricane High School Qualifier,USA,2023-02-04 00:00:00,2023-02-04 00:00:00
BRBHS,BR FTC - Amistoso Minas Gerais,Brazil,2023-02-11 00:00:00,2023-02-12 00:00:00
CAABABSALT,Alberta Southern Championship,Canada,2023-02-11 00:00:00,2023-02-12 00:00:00
CNSHQ2,CN China FTC Qualifier #1,China,2023-02-06 00:00:00,2023-02-12 00:00:00
TWCMP,TW National Championship Event,Chinese Taipei,2023-02-09 00:00:00,2023-02-12 00:00:00
ILCMP,Israel Championship,Israel,2023-02-11 00:00:00,2023-02-12 00:00:00
LYGHQ,LY Gheryan Qualifying Competition,Libya,2023-02-10 00:00:00,2023-02-11 00:00:00
NLNLLT,Netherlands FTC Benelux Championship,Netherlands,2023-02-11 00:00:00,2023-02-11 00:00:00
USARSPS1,AR Shiloh Scrimmage,USA,2023-02-11 00:00:00,2023-02-11 00:00:00
USAZSVS,AZ Champs Warmup Scrimmage,USA,2023-02-11 00:00:00,2023-02-11 00:00:00
USCASDSDGALT,"CA- San Diego Gauss League Champ, Classical Academy",USA,2023-02-12 00:00:00,2023-02-12 00:00:00
USCASDSDEULT,"CA- San Diego Euclid League Champ, Patrick Henry",USA,2023-02-11 00:00:00,2023-02-11 00:00:00
USCASDSDDELT,"CA- San Diego Descartes League Champ, TCCS",USA,2023-02-11 00:00:00,2023-02-11 00:00:00
USCANOSBLT,CA-NorCal South Bay Metro League Tournament,USA,2023-02-11 00:00:00,2023-02-11 00:00:00
USCASDSDTULT,"CA- San Diego Turing League Champ, Sage Creek",USA,2023-02-11 00:00:00,2023-02-11 00:00:00
USCTSOQ,CT Southington Qualifier,USA,2023-02-11 00:00:00,2023-02-11 00:00:00
USDEWIS,DE FTC Meet at Wilmington Friends,USA,2023-02-11 00:00:00,2023-02-11 00:00:00
USIANOSQ,IA Central Iowa Super Qualifier,USA,2023-02-11 00:00:00,2023-02-11 00:00:00
USILSCLT,IL Central Southern League Tournament,USA,2023-02-11 00:00:00,2023-02-11 00:00:00
USILCMLTB,IL Chicago League Tournament B,USA,2023-02-11 00:00:00,2023-02-11 00:00:00
USINSLLT,IN FIN South League Tournament,USA,2023-02-11 00:00:00,2023-02-11 00:00:00
USMOKSKCWLT,MOKS-KS KC West League Tournament,USA,2023-02-11 00:00:00,2023-02-11 00:00:00
USKYCMP,Kentucky State Championship,USA,2023-02-09 00:00:00,2023-02-11 00:00:00
USMAANQ2,MA Robostorm 8.2,USA,2023-02-12 00:00:00,2023-02-12 00:00:00
USMAANQ,MA Robostorm 8.1,USA,2023-02-11 00:00:00,2023-02-11 00:00:00
USCHSCMP,Chesapeake FTC Championship,USA,2023-02-11 00:00:00,2023-02-11 00:00:00
USMNCMP,Minnesota FTC State Championship,USA,2023-02-10 00:00:00,2023-02-11 00:00:00
USMOKSSTLMLT,MOKS-MO STL Mid League Tournament,USA,2023-02-11 00:00:00,2023-02-11 00:00:00
USMSLAQ6,MS Laurel Qualifier,USA,2023-02-11 00:00:00,2023-02-11 00:00:00
USNJSOLT,NJ 0212 Upper South Conference; Southern League Tournament,USA,2023-02-12 00:00:00,2023-02-12 00:00:00
USNJNOLT,NJ 0211 Far North Conference; Northern League Tournament,USA,2023-02-11 00:00:00,2023-02-11 00:00:00
USNVSOLT,NV Southern League Tournament,USA,2023-02-10 00:00:00,2023-02-11 00:00:00
USNVNOLT,NV Northern League Tournament,USA,2023-02-10 00:00:00,2023-02-11 00:00:00
USNYNYNYSQ2,NY-NYC Super Qualifier 2,USA,2023-02-12 00:00:00,2023-02-12 00:00:00
USNYLISBQ4,*** SUSPENDED *** NY-Long Island Qualifier #4,USA,2023-02-11 00:00:00,2023-02-11 00:00:00
USNYNYNYSQ,NY-NYC Super Qualifier 1,USA,2023-02-11 00:00:00,2023-02-11 00:00:00
USOKOKLALT,OK Oklahoma East,USA,2023-02-10 00:00:00,2023-02-11 00:00:00
USORCBLT,OR Columbia Basin League Tournament,USA,2023-02-11 00:00:00,2023-02-11 00:00:00
USORPOSQ,OR Second Chance Qualifying Tournament,USA,2023-02-11 00:00:00,2023-02-12 00:00:00
USPALAQ,PA Red Tornado Qualifier,USA,2023-02-11 00:00:00,2023-02-11 00:00:00
USSCCHQ,SC East Qualifying Tournament,USA,2023-02-11 00:00:00,2023-02-11 00:00:00
USTXNOLTSQ,TX-North Semi-Regional NORTH,USA,2023-02-11 00:00:00,2023-02-11 00:00:00
USTXWPAMLT,TX-W&P Amarillo League Tournament,USA,2023-02-11 00:00:00,2023-02-11 00:00:00
USTXHONELT1,TX-Houston Northeast League Tournament,USA,2023-02-05 00:00:00,2023-02-11 00:00:00
USTXHOELM3,TX-Houston East League Meet 3,USA,2023-02-11 00:00:00,2023-02-11 00:00:00
USTXWPLBLT,TX-W&P Lubbock-B League Tournament,USA,2023-02-11 00:00:00,2023-02-11 00:00:00
USUTSJQ,UT American Academy of Innovation Qualifier,USA,2023-02-11 00:00:00,2023-02-11 00:00:00
USVTCMP,Vermont FTC Championship,USA,2023-02-11 00:00:00,2023-02-11 00:00:00
USWIBRQ,WI Battle In Brookfield,USA,2023-02-11 00:00:00,2023-02-11 00:00:00
BRNHS,BR FTC - Sinos Valley Challenge,Brazil,2023-02-15 00:00:00,2023-02-16 00:00:00
CNSHQ,CN China FTC Qualifier #2,China,2023-02-13 00:00:00,2023-02-19 00:00:00
CNSHQ3,CN China FTC Qualifier #3,China,2023-02-13 00:00:00,2023-02-19 00:00:00
LYTRQ,LY Sabha Qualifying Competition,Libya,2023-02-17 00:00:00,2023-02-18 00:00:00
MXCMP,MX POWER PLAY Campeonato Nacional FTC México (CDMX),Mexico,2023-02-17 00:00:00,2023-02-18 00:00:00
NGABQ,NG Regional FIRST Tech Challenge,Nigeria,2023-02-12 00:00:00,2023-02-13 00:00:00
ROBUQ2,RO BUCHAREST #2 - FTC ROMANIA QUALIFYING TOURNAMENT,Romania,2023-02-17 00:00:00,2023-02-19 00:00:00
ROBUQ1,RO BUCHAREST #1 - FTC Romania Qualifying Tournament,Romania,2023-02-13 00:00:00,2023-02-15 00:00:00
USCALAMOQ2,CA-SoCal ILT 4 - Monrovia Sunday,USA,2023-02-19 00:00:00,2023-02-19 00:00:00
USCALAMOQ1,CA-SoCal ILT 3- Monrovia Saturday,USA,2023-02-18 00:00:00,2023-02-18 00:00:00
USCOCMP,Colorado State Championship 2022-2023,USA,2023-02-18 00:00:00,2023-02-18 00:00:00
USCTCMP,Connecticut State Championship,USA,2023-02-18 00:00:00,2023-02-18 00:00:00
USIABESQ,IA Eastern Iowa Super Qualifier,USA,2023-02-18 00:00:00,2023-02-18 00:00:00
USLAHAQ4,LA Qualifier 4,USA,2023-02-17 00:00:00,2023-02-19 00:00:00
USMACAQ,MA Gears on the Loose,USA,2023-02-18 00:00:00,2023-02-18 00:00:00
USMACAQ2,MA Who Let the Bots Out,USA,2023-02-19 00:00:00,2023-02-19 00:00:00
USMOKSSELT,MOKS-MO SE League Tournament,USA,2023-02-18 00:00:00,2023-02-18 00:00:00
USNCCMP,North Carolina FTC State Championship,USA,2023-02-18 00:00:00,2023-02-18 00:00:00
USNHCMP,New Hampshire State Championship,USA,2023-02-18 00:00:00,2023-02-18 00:00:00
USNJNELT2,NJ 0218 South Essex Conference; Northeast Edge League Tournament,USA,2023-02-18 00:00:00,2023-02-18 00:00:00
USNJUCLT2,NJ 0219 Central Conference; Upper Central League Tournament,USA,2023-02-19 00:00:00,2023-02-19 00:00:00
USNYLIREQ,New York - Long Island Qualifier #4 - REMOTE,USA,2023-02-13 00:00:00,2023-02-18 00:00:00
USNYEXHJQ,NY-Excelsior John Jay Qualifier,USA,2023-02-18 00:00:00,2023-02-18 00:00:00
USOHSYQ,OH Sylvania STEM Center Qualifier,USA,2023-02-17 00:00:00,2023-02-18 00:00:00
USPAEMQ2,PA Green and Gold Qualifier,USA,2023-02-19 00:00:00,2023-02-19 00:00:00
USPAEMQ1,PA Lehigh Valley Qualifier,USA,2023-02-18 00:00:00,2023-02-18 00:00:00
USTNCMP,Tennessee State Championship,USA,2023-02-17 00:00:00,2023-02-18 00:00:00
USTXHOELLT1,TX-Houston East League Tournament,USA,2023-02-18 00:00:00,2023-02-18 00:00:00
USTXHOSELLT1,TX-Houston SE Tournament,USA,2023-02-18 00:00:00,2023-02-18 00:00:00
USTXHOWLLT,TX-Houston West League Tournament,USA,2023-02-13 00:00:00,2023-02-18 00:00:00
USTXHOCLLT,TX-Houston Central League Tournament,USA,2023-02-13 00:00:00,2023-02-18 00:00:00
USTXCEPOSQ,TX-Central Semi-Regional South,USA,2023-02-18 00:00:00,2023-02-18 00:00:00
USTXHOSWLT1,TX-Houston Southwest League Tournament,USA,2023-02-19 00:00:00,2023-02-19 00:00:00
USTXNOFMQ,TX-North Last Call Qualifier,USA,2023-02-18 00:00:00,2023-02-18 00:00:00
USTXHONLLT1,TX-Houston North League TOURNAMENT,USA,2023-02-18 00:00:00,2023-02-18 00:00:00
USTXNOATSQ,TX-North Semi-Regional SOUTH,USA,2023-02-18 00:00:00,2023-02-18 00:00:00
USWISFQ,WI Frozen Frenzy,USA,2023-02-17 00:00:00,2023-02-18 00:00:00
USWYCMP,Wyoming 2023 FTC State Championship,USA,2023-02-17 00:00:00,2023-02-18 00:00:00
CABCCMP,British Columbia Championship,Canada,2023-02-25 00:00:00,2023-02-26 00:00:00
CAONCMP,Ontario Provincial Championship,Canada,2023-02-26 00:00:00,2023-02-26 00:00:00
ONADODCMP,ONADoDEA-Europe 2023 Invitational Tournament,Germany,2023-02-24 00:00:00,2023-02-25 00:00:00
ONADODCMP1,ONADoDEA-Europe 2023 Invitational Tournament,Germany,2023-02-24 00:00:00,2023-02-25 00:00:00
JMCMP,JAMAICA National Championship,Jamaica,2023-02-24 00:00:00,2023-02-25 00:00:00
JMK6S,Jamaica Pre-Championship Scrimmage,Jamaica,2023-02-23 00:00:00,2023-02-23 00:00:00
KZCMP,Kazakhstan Central Asia FTC Regional Championship,Kazakhstan,2023-02-23 00:00:00,2023-02-25 00:00:00
LYBEQ,LY Benghazi Qualifying Competition,Libya,2023-02-24 00:00:00,2023-02-25 00:00:00
ZACMP1,South Africa National Championship,South Africa,2023-02-25 00:00:00,2023-02-25 00:00:00
USARCMP,Arkansas Championship,USA,2023-02-24 00:00:00,2023-02-25 00:00:00
USAZCMP,Arizona FIRST Tech Challenge Championship,USA,2023-02-25 00:00:00,2023-02-25 00:00:00
USCALADBQ1,CA-SoCal ILT 5 - Diamond Bar Saturday,USA,2023-02-25 00:00:00,2023-02-25 00:00:00
USCALSCMP,CALS Los Angeles Unified School District Regional Championship,USA,2023-02-25 00:00:00,2023-02-25 00:00:00
USCALADBQ2,CA-SoCal ILT 6 - Diamond Bar Sunday,USA,2023-02-26 00:00:00,2023-02-26 00:00:00
USDECMP,Delaware 2022-2023 FTC Championship,USA,2023-02-20 00:00:00,2023-02-25 00:00:00
USGACMP,Georgia State Championship,USA,2023-02-24 00:00:00,2023-02-25 00:00:00
USIDMES,ID Treasure Valley Scrimmage,USA,2023-02-25 00:00:00,2023-02-25 00:00:00
USILCMP,Illinois State Championship,USA,2023-02-24 00:00:00,2023-02-25 00:00:00
USINCMP,Indiana FIN FTC State Championship,USA,2023-02-25 00:00:00,2023-02-25 00:00:00
USNJSOLT2,NJ 0225 Deep South Conference; Southern League Tournament,USA,2023-02-25 00:00:00,2023-02-25 00:00:00
USNJNOLT2,NJ 0226 East Bergen Conference; Northern League Tournament,USA,2023-02-26 00:00:00,2023-02-26 00:00:00
USOKCMP,Oklahoma Regional Championship,USA,2023-02-24 00:00:00,2023-02-25 00:00:00
USORCMPSOL,Oregon FIRST Tech Challenge Championship - Solar Division,USA,2023-02-25 00:00:00,2023-02-26 00:00:00
USORCMPHYD,Oregon FIRST Tech Challenge Championship - Hydro Division,USA,2023-02-25 00:00:00,2023-02-26 00:00:00
USSCCMP,South Carolina FTC Championship,USA,2023-02-24 00:00:00,2023-02-25 00:00:00
USTXWPCMP,Texas-West & Panhandle Regional Championship,USA,2023-02-25 00:00:00,2023-02-25 00:00:00
USTXNOCMP,TX-North Regional Championship,USA,2023-02-25 00:00:00,2023-02-25 00:00:00
USTXSOCMP3,TX SOUTH REGIONAL CHAMPIONSHIP,USA,2023-02-22 00:00:00,2023-02-25 00:00:00
USTXHOCMP,Texas-Houston East FTC Regional Championship,USA,2023-02-25 00:00:00,2023-02-25 00:00:00
USTXCECMP2,TX-Central Regional Championship,USA,2023-02-24 00:00:00,2023-02-25 00:00:00
USUTSJQ2,UT AAI 2nd Qualifier,USA,2023-02-25 00:00:00,2023-02-25 00:00:00
CAABCMP,Alberta Championship,Canada,2023-03-04 00:00:00,2023-03-05 00:00:00
CNCMP,China FTC Championship,China,2023-02-22 00:00:00,2023-02-28 00:00:00
LYCMP,Libya Regional Championship,Libya,2023-03-03 00:00:00,2023-03-04 00:00:00
ROCMP1,RO NATIONAL CHAMPIONSHIP - FTC ROMANIA,Romania,2023-03-03 00:00:00,2023-03-05 00:00:00
USALCMP,Alabama State Championship,USA,2023-03-03 00:00:00,2023-03-04 00:00:00
USCANOCMP,California-NorCal FTC Regional Championship,USA,2023-03-04 00:00:00,2023-03-05 00:00:00
USFLCMP,Florida Championship,USA,2023-03-03 00:00:00,2023-03-04 00:00:00
USIACMP,Iowa Championship,USA,2023-03-03 00:00:00,2023-03-04 00:00:00
USLACMP,Louisiana Regional Championship,USA,2023-03-03 00:00:00,2023-03-04 00:00:00
USMACMP,Massachusetts State Championship,USA,2023-03-05 00:00:00,2023-03-05 00:00:00
USMOKSCMP,Missouri Kansas Regional Championship,USA,2023-03-04 00:00:00,2023-03-04 00:00:00
USMSCMP,Mississippi Championship,USA,2023-03-03 00:00:00,2023-03-04 00:00:00
USNVCMP,Nevada Championship,USA,2023-03-03 00:00:00,2023-03-04 00:00:00
USNYEXCMP,New York-Excelsior MVCC Utica Championship,USA,2023-03-05 00:00:00,2023-03-05 00:00:00
USNYNYCMP,New York-NYC CHAMPIONSHIP,USA,2023-03-05 00:00:00,2023-03-05 00:00:00
USORCMP2,OR Regional Championship,USA,2023-02-25 00:00:00,2023-03-03 00:00:00
USPACMP,Pennsylvania FTC Championship,USA,2023-03-01 00:00:00,2023-03-04 00:00:00
USRICMP,Rhode Island FTC Championship,USA,2023-03-04 00:00:00,2023-03-04 00:00:00
USUTPCQ,UT Park City High School Qualifier,USA,2023-03-04 00:00:00,2023-03-04 00:00:00
CYCMP,Cyprus FTC Championship 2023,Cyprus,2023-03-11 00:00:00,2023-03-12 00:00:00
INCMP,FIRST Tech Challenge India Championship,India,2023-03-10 00:00:00,2023-03-12 00:00:00
QACMP,Qatar FIRST Tech Challenge 2023 Championship,Qatar,2023-03-08 00:00:00,2023-03-09 00:00:00
GBBEQ,GB Northern Ireland Regional,United Kingdom,2023-03-10 00:00:00,2023-03-10 00:00:00
ONADODFE23LT,DoDEA Pacific FTC,USA,2023-03-07 00:00:00,2023-03-08 00:00:00
USCASDCMP,CA- San Diego Regional Championship,USA,2023-03-12 00:00:00,2023-03-12 00:00:00
USCALACMP,California SoCal Championship,USA,2023-03-11 00:00:00,2023-03-11 00:00:00
USIDCMP,Idaho FIRST Tech Challenge State Championship,USA,2023-03-10 00:00:00,2023-03-11 00:00:00
USNJCMP,New Jersey State Championship-NJ0312,USA,2023-03-12 00:00:00,2023-03-12 00:00:00
USNYLICMP,New York - Long Island Championship,USA,2023-03-12 00:00:00,2023-03-12 00:00:00
USOHCMP,Ohio FIRST Tech Challenge State Championship,USA,2023-03-09 00:00:00,2023-03-11 00:00:00
USUTCMP,Utah Championship,USA,2023-03-11 00:00:00,2023-03-11 00:00:00
USWICMP,Wisconsin Championship,USA,2023-03-11 00:00:00,2023-03-11 00:00:00
BRCMP,Brazil FTC National Tournament,Brazil,2023-03-16 00:00:00,2023-03-18 00:00:00
EGALS,Egypt Scrimmage,Egypt,2023-03-13 00:00:00,2023-03-14 00:00:00
SACMP,Saudi Arabia FIRST Tech Challenge Championship - KSA,Saudi Arabia,2023-03-18 00:00:00,2023-03-22 00:00:00
GBLOQ,GB South East Regional,United Kingdom,2023-03-25 00:00:00,2023-03-25 00:00:00
GBCOQ,West Midlands Regional,United Kingdom,2023-03-26 00:00:00,2023-03-26 00:00:00
USTXSOCMP2,FIRST in Texas State Championship,USA,2023-03-25 00:00:00,2023-03-26 00:00:00
USTXSOCMP,FIRST in Texas UIL State 1A-4A,USA,2023-03-24 00:00:00,2023-03-24 00:00:00
USTXSOBES,FIRST in Texas UIL State 6A,USA,2023-03-24 00:00:00,2023-03-25 00:00:00
USTXCECMP,FIRST in Texas FTC State Championship,USA,2023-03-20 00:00:00,2023-03-26 00:00:00
USTXSOBEOS,FIRST in Texas UIL State 5A,USA,2023-03-24 00:00:00,2023-03-24 00:00:00
CNDIS,Dianjian Peony Cup,China,2023-04-01 00:00:00,2023-04-02 00:00:00
GBREQ,GB Remote Regional,United Kingdom,2023-03-23 00:00:00,2023-03-29 00:00:00
USTXCECCS,TX-Central Buc Days 2023 Robot Rodeo,USA,2023-05-13 00:00:00,2023-05-13 00:00:00
FTCCMP1,FIRST Championship - Houston - World Championship - FIRST Tech Challenge,USA,2023-04-18 00:00:00,2023-04-22 00:00:00
