Their robot is so slow, even the snailbot from Team 12 lapped it.
If the objective of the competition was to collect dust, Team 2 would be unbeatable.
Team 5's coding looks like it was done by a roomba trying to make a floor plan.
Team 3's robot is less reliable than a coin flip.
Team 9's engineering design seems like it was inspired by a game of Jenga.
The robot from Team 45 is like a tortoise... if the tortoise decided to take a nap in the middle of the race.
If using the most duct tape were a category, Team 7 would definitely take the gold.
Team 11's robot has more bugs than a rainforest.
Team 13 must have taken the term "breakdown" a little too literally.
Team 15's robot is the only one that needs GPS to find its way around a tabletop.
Team 20's robot has less balance than a baby flamingo on roller skates.
Team 23's color scheme is best described as "color-blind rainbow".
Team 18's robot is quieter than a mime, mainly because it never moves.
Team 30's robot moves like it's doing the cha-cha slide.
"Consistency" is a word that Team 32's robot has yet to learn.
Team 35's attempt to make a robot looks more like a kid's art project.
Team 37 seems to think "robotics" means creating a mechanical paperweight.
It's clear that Team 40's favorite programming language is "trial and error".
If slow and steady won the race, Team 42's robot would still come in last.
Team 44's robot took one look at the competition and decided to play dead.
Team 47's robot has a knack for going everywhere except where it's supposed to.
If there were points for interpretive dance, Team 50's robot would be a frontrunner.
The only thing Team 52's robot picks up consistently is radio interference.
Team 55's robot looks like it learned navigation from a headless chicken.
Team 58's robot must be a fan of modern art with all the abstract paths it takes.
Team 60's robot is so top-heavy it could be a Weeble toy.
The only thing Team 65's robot is good at catching is Z's.
Team 68's robot runs like it's been programmed with a Ouija board.
Team 70's robot must think it's playing hide and seek, given how it always disappears during the competition.
It seems like Team 73's robot was designed to win...a beauty pageant for abstract sculptures.
If recycling were a category, Team 75's robot made entirely of spare parts would shine.
Team 77's bot is like a stand-up comic: it falls down a lot, but at least it gets back up.
Team 80's robot moves like a sloth on a sugar crash.
When Team 83's robot said it needed space, it wasn't supposed to mean the whole field.
Team 85's robot could pass for a piece of modern art: confusing, motionless, and covered in paint.
If their aim was to build a doorstop, Team 87's bot is the reigning champ.
Team 90's robot has made getting stuck on flat surfaces an art form.
Team 92's robot could be in a horror movie, it's great at making unexpected turns and scares everyone watching.
Team 95's robot appears to have misunderstood the term "wireless" technology.
Team 98's robot is about as subtle as a bull in a china shop.
Team 100's robot makes circles so well, they should enter it in the Olympic discus throw.
Team 105's robot has mastered the art of the 360-degree spin. Now if only they could get it to go straight.
The term 'heavy machinery' takes on a whole new meaning with Team 110's bot.
Team 113's robot would be perfect for a demolition derby.
The only thing Team 115's bot can pick up is radio signals...from Mars.
Team 120's robot is the only one that's mistaken the finish line for a wall.
Team 123's robot gives a whole new meaning to the term 'random walk'.
If there was a prize for most dramatic falls, Team 125's robot would win hands down.
Team 130's robot is the best at...doing nothing consistently.
Team 133's bot is so unpredictable, it must be running on a random number generator.
Team 135's robot dances better than it moves towards objectives.
Team 140's robot has a battery life shorter than a goldfish's memory.
Team 143's robot is the only one that needs a map to cross a room.
The award for "best impersonation of a fumbled soccer ball" goes to Team 145's bot.
Team 150's robot seems to think it's in a race...against itself.
Team 153's robot seems to believe in a "less speed, more dawdle" philosophy.
If robots were meant to imitate humans, Team 155's bot nailed the clumsiness part.
Team 160's robot has made spinning in circles into a professional sport.
Team 163's robot might be solar-powered, as it only seems to work when the sun is out.
Team 165's bot's navigation skills are about as sharp as a marble.
Team 170's robot would be perfect for a game of pinball.
If we were to award points for best comedic timing, Team 175's bot would steal the show.
Team 180's robot seems to have taken the term 'circuit training' literally.
The best part of Team 183's robot is its "off" switch.
Team 185's robot has a turning radius that rivals a cruise ship.
The best thing about Team 190's robot is the team's unyielding optimism.
Team 193's robot is so slow, it has been nicknamed the "GlacierBot".
The best performer for playing dead in the competition is Team 195's robot.
Team 200's robot has a paint job so bright, it blinds their opponents...and the audience.
Team 205's robot is so light, a leaf blower could push it off course.
If the goal was to crash into as many things as possible, Team 210's bot would take the gold.
Team 215's robot must think it's playing bumper cars, not a precision task.
Team 220's bot might just be the long-lost twin of the Leaning Tower of Pisa.
Team 225's robot's best feature is its blinking lights – they're very good at indicating system failures.
Team 230's robot moves in more zigzags than a confused honeybee.
If the contest were based on noise generation, Team 235's robot would be in first place.
The prize for most accidental 360s goes to Team 240's bot.
If there was an award for 'most times stuck in a corner', Team 245's robot would win.
Team 250's bot has made more U-turns than a lost tourist.
Team 255's robot's motors whine more than a toddler on a long car trip.
Team 260's bot seems to think "agility" means turning in circles until it falls over.
Team 265's robot is so slow, even the race's tortoise mascot is impatient.
Team 270's robot's idea of speed is to shift from 'park' to 'idle'.
Team 275's robot seems to believe that the best way to win is to make the audience laugh.
Team 280's robot is the only one that looks like it was made from a DIY kit.
If unpredictability were a virtue, Team 285's bot would be a saint.
Team 290's robot seems to have taken the 'keep your enemies closer' advice to heart.
Team 295's robot seems to believe "forward" and "backward" are interchangeable terms.
Team 300's robot can do a perfect imitation of a tumbleweed.
If 'style over substance' were a category, Team 305's bot would sweep the competition.
Team 310's bot has the distinction of being the only robot to confuse itself for a spectator.
Team 315's robot's AI seems to have the attention span of a goldfish.
Team 320's robot does a great job...at tripping over its own wheels.
If the competition was a beauty contest, Team 325's robot would... still come in last.
Team 330's robot is so slow, it could compete in a sloth race.
Team 335's bot has turned the phrase 'trial and error' into its personal motto.
Team 340's robot seems to be on a quest to test the patience of its programmers.
Team 345's bot is so clumsy, it could trip over a digital line.
If the objective was to make a robot that defies physics, Team 350's bot that falls upwards is a success.
Team 355's robot's wiring looks like a bird's nest after a windstorm.